marker,chrom,pos
SNP_1,1,1
SNP_2,1,2
SNP_3,1,3
SNP_4,1,4
SNP_5,1,5
SNP_6,1,6
SNP_7,1,7
SNP_8,1,8
SNP_9,1,9
SNP_10,1,10
SNP_11,1,11
SNP_12,1,12
SNP_13,1,13
SNP_14,1,14
SNP_15,1,15
SNP_16,1,16
SNP_17,1,17
SNP_18,1,18
SNP_19,1,19
SNP_20,1,20
SNP_21,1,21
SNP_22,1,22
SNP_23,1,23
SNP_24,1,24
SNP_25,1,25
SNP_26,1,26
SNP_27,1,27
SNP_28,1,28
SNP_29,1,29
SNP_30,1,30
SNP_31,1,31
SNP_32,1,32
SNP_33,1,33
SNP_34,1,34
SNP_35,1,35
SNP_36,1,36
SNP_37,1,37
SNP_38,1,38
SNP_39,1,39
SNP_40,1,40
SNP_41,1,41
SNP_42,1,42
SNP_43,1,43
SNP_44,1,44
SNP_45,1,45
SNP_46,1,46
SNP_47,1,47
SNP_48,1,48
SNP_49,1,49
SNP_50,1,50
SNP_51,1,51
SNP_52,1,52
SNP_53,1,53
SNP_54,1,54
SNP_55,1,55
SNP_56,1,56
SNP_57,1,57
SNP_58,1,58
SNP_59,1,59
SNP_60,1,60
SNP_61,1,61
SNP_62,1,62
SNP_63,1,63
SNP_64,1,64
SNP_65,1,65
SNP_66,1,66
SNP_67,1,67
SNP_68,1,68
SNP_69,1,69
SNP_70,1,70
SNP_71,1,71
SNP_72,1,72
SNP_73,1,73
SNP_74,1,74
SNP_75,1,75
SNP_76,1,76
SNP_77,1,77
SNP_78,1,78
SNP_79,1,79
SNP_80,1,80
SNP_81,1,81
SNP_82,1,82
SNP_83,1,83
SNP_84,1,84
SNP_85,1,85
SNP_86,1,86
SNP_87,1,87
SNP_88,1,88
SNP_89,1,89
SNP_90,1,90
SNP_91,1,91
SNP_92,1,92
SNP_93,1,93
SNP_94,1,94
SNP_95,1,95
SNP_96,1,96
SNP_97,1,97
SNP_98,1,98
SNP_99,1,99
SNP_100,1,100
SNP_101,1,101
SNP_102,1,102
SNP_103,1,103
SNP_104,1,104
SNP_105,1,105
SNP_106,1,106
SNP_107,1,107
SNP_108,1,108
SNP_109,1,109
SNP_110,1,110
SNP_111,1,111
SNP_112,1,112
SNP_113,1,113
SNP_114,1,114
SNP_115,1,115
SNP_116,1,116
SNP_117,1,117
SNP_118,1,118
SNP_119,1,119
SNP_120,1,120
SNP_121,1,121
SNP_122,1,122
SNP_123,1,123
SNP_124,1,124
SNP_125,1,125
SNP_126,1,126
SNP_127,1,127
SNP_128,1,128
SNP_129,1,129
SNP_130,1,130
SNP_131,1,131
SNP_132,1,132
SNP_133,1,133
SNP_134,1,134
SNP_135,1,135
SNP_136,1,136
SNP_137,1,137
SNP_138,1,138
SNP_139,1,139
SNP_140,1,140
SNP_141,1,141
SNP_142,1,142
SNP_143,1,143
SNP_144,1,144
SNP_145,1,145
SNP_146,1,146
SNP_147,1,147
SNP_148,1,148
SNP_149,1,149
SNP_150,1,150
SNP_151,1,151
SNP_152,1,152
SNP_153,1,153
SNP_154,1,154
SNP_155,1,155
SNP_156,1,156
SNP_157,1,157
SNP_158,1,158
SNP_159,1,159
SNP_160,1,160
SNP_161,1,161
SNP_162,1,162
SNP_163,1,163
SNP_164,1,164
SNP_165,1,165
SNP_166,1,166
SNP_167,1,167
SNP_168,1,168
SNP_169,1,169
SNP_170,1,170
SNP_171,1,171
SNP_172,1,172
SNP_173,1,173
SNP_174,1,174
SNP_175,1,175
SNP_176,1,176
SNP_177,1,177
SNP_178,1,178
SNP_179,1,179
SNP_180,1,180
SNP_181,1,181
SNP_182,1,182
SNP_183,1,183
SNP_184,1,184
SNP_185,1,185
SNP_186,1,186
SNP_187,1,187
SNP_188,1,188
SNP_189,1,189
SNP_190,1,190
SNP_191,1,191
SNP_192,1,192
SNP_193,1,193
SNP_194,1,194
SNP_195,1,195
SNP_196,1,196
SNP_197,1,197
SNP_198,1,198
SNP_199,1,199
SNP_200,1,200
SNP_201,1,201
SNP_202,1,202
SNP_203,1,203
SNP_204,1,204
SNP_205,1,205
SNP_206,1,206
SNP_207,1,207
SNP_208,1,208
SNP_209,1,209
SNP_210,1,210
SNP_211,1,211
SNP_212,1,212
SNP_213,1,213
SNP_214,1,214
SNP_215,1,215
SNP_216,1,216
SNP_217,1,217
SNP_218,1,218
SNP_219,1,219
SNP_220,1,220
SNP_221,1,221
SNP_222,1,222
SNP_223,1,223
SNP_224,1,224
SNP_225,1,225
SNP_226,1,226
SNP_227,1,227
SNP_228,1,228
SNP_229,1,229
SNP_230,1,230
SNP_231,1,231
SNP_232,1,232
SNP_233,1,233
SNP_234,1,234
SNP_235,1,235
SNP_236,1,236
SNP_237,1,237
SNP_238,1,238
SNP_239,1,239
SNP_240,1,240
SNP_241,1,241
SNP_242,1,242
SNP_243,1,243
SNP_244,1,244
SNP_245,1,245
SNP_246,1,246
SNP_247,1,247
SNP_248,1,248
SNP_249,1,249
SNP_250,1,250
SNP_251,1,251
SNP_252,1,252
SNP_253,1,253
SNP_254,1,254
SNP_255,1,255
SNP_256,1,256
SNP_257,1,257
SNP_258,1,258
SNP_259,1,259
SNP_260,1,260
SNP_261,1,261
SNP_262,1,262
SNP_263,1,263
SNP_264,1,264
SNP_265,1,265
SNP_266,1,266
SNP_267,1,267
SNP_268,1,268
SNP_269,1,269
SNP_270,1,270
SNP_271,1,271
SNP_272,1,272
SNP_273,1,273
SNP_274,1,274
SNP_275,1,275
SNP_276,1,276
SNP_277,1,277
SNP_278,1,278
SNP_279,1,279
SNP_280,1,280
SNP_281,1,281
SNP_282,1,282
SNP_283,1,283
SNP_284,1,284
SNP_285,1,285
SNP_286,1,286
SNP_287,1,287
SNP_288,1,288
SNP_289,1,289
SNP_290,1,290
SNP_291,1,291
SNP_292,1,292
SNP_293,1,293
SNP_294,1,294
SNP_295,1,295
SNP_296,1,296
SNP_297,1,297
SNP_298,1,298
SNP_299,1,299
SNP_300,1,300
SNP_301,1,301
SNP_302,1,302
SNP_303,1,303
SNP_304,1,304
SNP_305,1,305
SNP_306,1,306
SNP_307,1,307
SNP_308,1,308
SNP_309,1,309
SNP_310,1,310
SNP_311,1,311
SNP_312,1,312
SNP_313,1,313
SNP_314,1,314
SNP_315,1,315
SNP_316,1,316
SNP_317,1,317
SNP_318,1,318
SNP_319,1,319
SNP_320,1,320
SNP_321,1,321
SNP_322,1,322
SNP_323,1,323
SNP_324,1,324
SNP_325,1,325
SNP_326,1,326
SNP_327,1,327
SNP_328,1,328
SNP_329,1,329
SNP_330,1,330
SNP_331,1,331
SNP_332,1,332
SNP_333,1,333
SNP_334,1,334
SNP_335,1,335
SNP_336,1,336
SNP_337,1,337
SNP_338,1,338
SNP_339,1,339
SNP_340,1,340
SNP_341,1,341
SNP_342,1,342
SNP_343,1,343
SNP_344,1,344
SNP_345,1,345
SNP_346,1,346
SNP_347,1,347
SNP_348,1,348
SNP_349,1,349
SNP_350,1,350
SNP_351,1,351
SNP_352,1,352
SNP_353,1,353
SNP_354,1,354
SNP_355,1,355
SNP_356,1,356
SNP_357,1,357
SNP_358,1,358
SNP_359,1,359
SNP_360,1,360
SNP_361,1,361
SNP_362,1,362
SNP_363,1,363
SNP_364,1,364
SNP_365,1,365
SNP_366,1,366
SNP_367,1,367
SNP_368,1,368
SNP_369,1,369
SNP_370,1,370
SNP_371,1,371
SNP_372,1,372
SNP_373,1,373
SNP_374,1,374
SNP_375,1,375
SNP_376,1,376
SNP_377,1,377
SNP_378,1,378
SNP_379,1,379
SNP_380,1,380
SNP_381,1,381
SNP_382,1,382
SNP_383,1,383
SNP_384,1,384
SNP_385,1,385
SNP_386,1,386
SNP_387,1,387
SNP_388,1,388
SNP_389,1,389
SNP_390,1,390
SNP_391,1,391
SNP_392,1,392
SNP_393,1,393
SNP_394,1,394
SNP_395,1,395
SNP_396,1,396
SNP_397,1,397
SNP_398,1,398
SNP_399,1,399
SNP_400,1,400
SNP_401,2,401
SNP_402,2,402
SNP_403,2,403
SNP_404,2,404
SNP_405,2,405
SNP_406,2,406
SNP_407,2,407
SNP_408,2,408
SNP_409,2,409
SNP_410,2,410
SNP_411,2,411
SNP_412,2,412
SNP_413,2,413
SNP_414,2,414
SNP_415,2,415
SNP_416,2,416
SNP_417,2,417
SNP_418,2,418
SNP_419,2,419
SNP_420,2,420
SNP_421,2,421
SNP_422,2,422
SNP_423,2,423
SNP_424,2,424
SNP_425,2,425
SNP_426,2,426
SNP_427,2,427
SNP_428,2,428
SNP_429,2,429
SNP_430,2,430
SNP_431,2,431
SNP_432,2,432
SNP_433,2,433
SNP_434,2,434
SNP_435,2,435
SNP_436,2,436
SNP_437,2,437
SNP_438,2,438
SNP_439,2,439
SNP_440,2,440
SNP_441,2,441
SNP_442,2,442
SNP_443,2,443
SNP_444,2,444
SNP_445,2,445
SNP_446,2,446
SNP_447,2,447
SNP_448,2,448
SNP_449,2,449
SNP_450,2,450
SNP_451,2,451
SNP_452,2,452
SNP_453,2,453
SNP_454,2,454
SNP_455,2,455
SNP_456,2,456
SNP_457,2,457
SNP_458,2,458
SNP_459,2,459
SNP_460,2,460
SNP_461,2,461
SNP_462,2,462
SNP_463,2,463
SNP_464,2,464
SNP_465,2,465
SNP_466,2,466
SNP_467,2,467
SNP_468,2,468
SNP_469,2,469
SNP_470,2,470
SNP_471,2,471
SNP_472,2,472
SNP_473,2,473
SNP_474,2,474
SNP_475,2,475
SNP_476,2,476
SNP_477,2,477
SNP_478,2,478
SNP_479,2,479
SNP_480,2,480
SNP_481,2,481
SNP_482,2,482
SNP_483,2,483
SNP_484,2,484
SNP_485,2,485
SNP_486,2,486
SNP_487,2,487
SNP_488,2,488
SNP_489,2,489
SNP_490,2,490
SNP_491,2,491
SNP_492,2,492
SNP_493,2,493
SNP_494,2,494
SNP_495,2,495
SNP_496,2,496
SNP_497,2,497
SNP_498,2,498
SNP_499,2,499
SNP_500,2,500
SNP_501,2,501
SNP_502,2,502
SNP_503,2,503
SNP_504,2,504
SNP_505,2,505
SNP_506,2,506
SNP_507,2,507
SNP_508,2,508
SNP_509,2,509
SNP_510,2,510
SNP_511,2,511
SNP_512,2,512
SNP_513,2,513
SNP_514,2,514
SNP_515,2,515
SNP_516,2,516
SNP_517,2,517
SNP_518,2,518
SNP_519,2,519
SNP_520,2,520
SNP_521,2,521
SNP_522,2,522
SNP_523,2,523
SNP_524,2,524
SNP_525,2,525
SNP_526,2,526
SNP_527,2,527
SNP_528,2,528
SNP_529,2,529
SNP_530,2,530
SNP_531,2,531
SNP_532,2,532
SNP_533,2,533
SNP_534,2,534
SNP_535,2,535
SNP_536,2,536
SNP_537,2,537
SNP_538,2,538
SNP_539,2,539
SNP_540,2,540
SNP_541,2,541
SNP_542,2,542
SNP_543,2,543
SNP_544,2,544
SNP_545,2,545
SNP_546,2,546
SNP_547,2,547
SNP_548,2,548
SNP_549,2,549
SNP_550,2,550
SNP_551,2,551
SNP_552,2,552
SNP_553,2,553
SNP_554,2,554
SNP_555,2,555
SNP_556,2,556
SNP_557,2,557
SNP_558,2,558
SNP_559,2,559
SNP_560,2,560
SNP_561,2,561
SNP_562,2,562
SNP_563,2,563
SNP_564,2,564
SNP_565,2,565
SNP_566,2,566
SNP_567,2,567
SNP_568,2,568
SNP_569,2,569
SNP_570,2,570
SNP_571,2,571
SNP_572,2,572
SNP_573,2,573
SNP_574,2,574
SNP_575,2,575
SNP_576,2,576
SNP_577,2,577
SNP_578,2,578
SNP_579,2,579
SNP_580,2,580
SNP_581,2,581
SNP_582,2,582
SNP_583,2,583
SNP_584,2,584
SNP_585,2,585
SNP_586,2,586
SNP_587,2,587
SNP_588,2,588
SNP_589,2,589
SNP_590,2,590
SNP_591,2,591
SNP_592,2,592
SNP_593,2,593
SNP_594,2,594
SNP_595,2,595
SNP_596,2,596
SNP_597,2,597
SNP_598,2,598
SNP_599,2,599
SNP_600,2,600
SNP_601,2,601
SNP_602,2,602
SNP_603,2,603
SNP_604,2,604
SNP_605,2,605
SNP_606,2,606
SNP_607,2,607
SNP_608,2,608
SNP_609,2,609
SNP_610,2,610
SNP_611,2,611
SNP_612,2,612
SNP_613,2,613
SNP_614,2,614
SNP_615,2,615
SNP_616,2,616
SNP_617,2,617
SNP_618,2,618
SNP_619,2,619
SNP_620,2,620
SNP_621,2,621
SNP_622,2,622
SNP_623,2,623
SNP_624,2,624
SNP_625,2,625
SNP_626,2,626
SNP_627,2,627
SNP_628,2,628
SNP_629,2,629
SNP_630,2,630
SNP_631,2,631
SNP_632,2,632
SNP_633,2,633
SNP_634,2,634
SNP_635,2,635
SNP_636,2,636
SNP_637,2,637
SNP_638,2,638
SNP_639,2,639
SNP_640,2,640
SNP_641,2,641
SNP_642,2,642
SNP_643,2,643
SNP_644,2,644
SNP_645,2,645
SNP_646,2,646
SNP_647,2,647
SNP_648,2,648
SNP_649,2,649
SNP_650,2,650
SNP_651,2,651
SNP_652,2,652
SNP_653,2,653
SNP_654,2,654
SNP_655,2,655
SNP_656,2,656
SNP_657,2,657
SNP_658,2,658
SNP_659,2,659
SNP_660,2,660
SNP_661,2,661
SNP_662,2,662
SNP_663,2,663
SNP_664,2,664
SNP_665,2,665
SNP_666,2,666
SNP_667,2,667
SNP_668,2,668
SNP_669,2,669
SNP_670,2,670
SNP_671,2,671
SNP_672,2,672
SNP_673,2,673
SNP_674,2,674
SNP_675,2,675
SNP_676,2,676
SNP_677,2,677
SNP_678,2,678
SNP_679,2,679
SNP_680,2,680
SNP_681,2,681
SNP_682,2,682
SNP_683,2,683
SNP_684,2,684
SNP_685,2,685
SNP_686,2,686
SNP_687,2,687
SNP_688,2,688
SNP_689,2,689
SNP_690,2,690
SNP_691,2,691
SNP_692,2,692
SNP_693,2,693
SNP_694,2,694
SNP_695,2,695
SNP_696,2,696
SNP_697,2,697
SNP_698,2,698
SNP_699,2,699
SNP_700,2,700
SNP_701,2,701
SNP_702,2,702
SNP_703,2,703
SNP_704,2,704
SNP_705,2,705
SNP_706,2,706
SNP_707,2,707
SNP_708,2,708
SNP_709,2,709
SNP_710,2,710
SNP_711,2,711
SNP_712,2,712
SNP_713,2,713
SNP_714,2,714
SNP_715,2,715
SNP_716,2,716
SNP_717,2,717
SNP_718,2,718
SNP_719,2,719
SNP_720,2,720
SNP_721,2,721
SNP_722,2,722
SNP_723,2,723
SNP_724,2,724
SNP_725,2,725
SNP_726,2,726
SNP_727,2,727
SNP_728,2,728
SNP_729,2,729
SNP_730,2,730
SNP_731,2,731
SNP_732,2,732
SNP_733,2,733
SNP_734,2,734
SNP_735,2,735
SNP_736,2,736
SNP_737,2,737
SNP_738,2,738
SNP_739,2,739
SNP_740,2,740
SNP_741,2,741
SNP_742,2,742
SNP_743,2,743
SNP_744,2,744
SNP_745,2,745
SNP_746,2,746
SNP_747,2,747
SNP_748,2,748
SNP_749,2,749
SNP_750,2,750
SNP_751,2,751
SNP_752,2,752
SNP_753,2,753
SNP_754,2,754
SNP_755,2,755
SNP_756,2,756
SNP_757,2,757
SNP_758,2,758
SNP_759,2,759
SNP_760,2,760
SNP_761,2,761
SNP_762,2,762
SNP_763,2,763
SNP_764,2,764
SNP_765,2,765
SNP_766,2,766
SNP_767,2,767
SNP_768,2,768
SNP_769,2,769
SNP_770,2,770
SNP_771,2,771
SNP_772,2,772
SNP_773,2,773
SNP_774,2,774
SNP_775,2,775
SNP_776,2,776
SNP_777,2,777
SNP_778,2,778
SNP_779,2,779
SNP_780,2,780
SNP_781,2,781
SNP_782,2,782
SNP_783,2,783
SNP_784,2,784
SNP_785,2,785
SNP_786,2,786
SNP_787,2,787
SNP_788,2,788
SNP_789,2,789
SNP_790,2,790
SNP_791,2,791
SNP_792,2,792
SNP_793,2,793
SNP_794,2,794
SNP_795,2,795
SNP_796,2,796
SNP_797,2,797
SNP_798,2,798
SNP_799,2,799
SNP_800,2,800
SNP_801,3,801
SNP_802,3,802
SNP_803,3,803
SNP_804,3,804
SNP_805,3,805
SNP_806,3,806
SNP_807,3,807
SNP_808,3,808
SNP_809,3,809
SNP_810,3,810
SNP_811,3,811
SNP_812,3,812
SNP_813,3,813
SNP_814,3,814
SNP_815,3,815
SNP_816,3,816
SNP_817,3,817
SNP_818,3,818
SNP_819,3,819
SNP_820,3,820
SNP_821,3,821
SNP_822,3,822
SNP_823,3,823
SNP_824,3,824
SNP_825,3,825
SNP_826,3,826
SNP_827,3,827
SNP_828,3,828
SNP_829,3,829
SNP_830,3,830
SNP_831,3,831
SNP_832,3,832
SNP_833,3,833
SNP_834,3,834
SNP_835,3,835
SNP_836,3,836
SNP_837,3,837
SNP_838,3,838
SNP_839,3,839
SNP_840,3,840
SNP_841,3,841
SNP_842,3,842
SNP_843,3,843
SNP_844,3,844
SNP_845,3,845
SNP_846,3,846
SNP_847,3,847
SNP_848,3,848
SNP_849,3,849
SNP_850,3,850
SNP_851,3,851
SNP_852,3,852
SNP_853,3,853
SNP_854,3,854
SNP_855,3,855
SNP_856,3,856
SNP_857,3,857
SNP_858,3,858
SNP_859,3,859
SNP_860,3,860
SNP_861,3,861
SNP_862,3,862
SNP_863,3,863
SNP_864,3,864
SNP_865,3,865
SNP_866,3,866
SNP_867,3,867
SNP_868,3,868
SNP_869,3,869
SNP_870,3,870
SNP_871,3,871
SNP_872,3,872
SNP_873,3,873
SNP_874,3,874
SNP_875,3,875
SNP_876,3,876
SNP_877,3,877
SNP_878,3,878
SNP_879,3,879
SNP_880,3,880
SNP_881,3,881
SNP_882,3,882
SNP_883,3,883
SNP_884,3,884
SNP_885,3,885
SNP_886,3,886
SNP_887,3,887
SNP_888,3,888
SNP_889,3,889
SNP_890,3,890
SNP_891,3,891
SNP_892,3,892
SNP_893,3,893
SNP_894,3,894
SNP_895,3,895
SNP_896,3,896
SNP_897,3,897
SNP_898,3,898
SNP_899,3,899
SNP_900,3,900
SNP_901,3,901
SNP_902,3,902
SNP_903,3,903
SNP_904,3,904
SNP_905,3,905
SNP_906,3,906
SNP_907,3,907
SNP_908,3,908
SNP_909,3,909
SNP_910,3,910
SNP_911,3,911
SNP_912,3,912
SNP_913,3,913
SNP_914,3,914
SNP_915,3,915
SNP_916,3,916
SNP_917,3,917
SNP_918,3,918
SNP_919,3,919
SNP_920,3,920
SNP_921,3,921
SNP_922,3,922
SNP_923,3,923
SNP_924,3,924
SNP_925,3,925
SNP_926,3,926
SNP_927,3,927
SNP_928,3,928
SNP_929,3,929
SNP_930,3,930
SNP_931,3,931
SNP_932,3,932
SNP_933,3,933
SNP_934,3,934
SNP_935,3,935
SNP_936,3,936
SNP_937,3,937
SNP_938,3,938
SNP_939,3,939
SNP_940,3,940
SNP_941,3,941
SNP_942,3,942
SNP_943,3,943
SNP_944,3,944
SNP_945,3,945
SNP_946,3,946
SNP_947,3,947
SNP_948,3,948
SNP_949,3,949
SNP_950,3,950
SNP_951,3,951
SNP_952,3,952
SNP_953,3,953
SNP_954,3,954
SNP_955,3,955
SNP_956,3,956
SNP_957,3,957
SNP_958,3,958
SNP_959,3,959
SNP_960,3,960
SNP_961,3,961
SNP_962,3,962
SNP_963,3,963
SNP_964,3,964
SNP_965,3,965
SNP_966,3,966
SNP_967,3,967
SNP_968,3,968
SNP_969,3,969
SNP_970,3,970
SNP_971,3,971
SNP_972,3,972
SNP_973,3,973
SNP_974,3,974
SNP_975,3,975
SNP_976,3,976
SNP_977,3,977
SNP_978,3,978
SNP_979,3,979
SNP_980,3,980
SNP_981,3,981
SNP_982,3,982
SNP_983,3,983
SNP_984,3,984
SNP_985,3,985
SNP_986,3,986
SNP_987,3,987
SNP_988,3,988
SNP_989,3,989
SNP_990,3,990
SNP_991,3,991
SNP_992,3,992
SNP_993,3,993
SNP_994,3,994
SNP_995,3,995
SNP_996,3,996
SNP_997,3,997
SNP_998,3,998
SNP_999,3,999
SNP_1000,3,1000
SNP_1001,3,1001
SNP_1002,3,1002
SNP_1003,3,1003
SNP_1004,3,1004
SNP_1005,3,1005
SNP_1006,3,1006
SNP_1007,3,1007
SNP_1008,3,1008
SNP_1009,3,1009
SNP_1010,3,1010
SNP_1011,3,1011
SNP_1012,3,1012
SNP_1013,3,1013
SNP_1014,3,1014
SNP_1015,3,1015
SNP_1016,3,1016
SNP_1017,3,1017
SNP_1018,3,1018
SNP_1019,3,1019
SNP_1020,3,1020
SNP_1021,3,1021
SNP_1022,3,1022
SNP_1023,3,1023
SNP_1024,3,1024
SNP_1025,3,1025
SNP_1026,3,1026
SNP_1027,3,1027
SNP_1028,3,1028
SNP_1029,3,1029
SNP_1030,3,1030
SNP_1031,3,1031
SNP_1032,3,1032
SNP_1033,3,1033
SNP_1034,3,1034
SNP_1035,3,1035
SNP_1036,3,1036
SNP_1037,3,1037
SNP_1038,3,1038
SNP_1039,3,1039
SNP_1040,3,1040
SNP_1041,3,1041
SNP_1042,3,1042
SNP_1043,3,1043
SNP_1044,3,1044
SNP_1045,3,1045
SNP_1046,3,1046
SNP_1047,3,1047
SNP_1048,3,1048
SNP_1049,3,1049
SNP_1050,3,1050
SNP_1051,3,1051
SNP_1052,3,1052
SNP_1053,3,1053
SNP_1054,3,1054
SNP_1055,3,1055
SNP_1056,3,1056
SNP_1057,3,1057
SNP_1058,3,1058
SNP_1059,3,1059
SNP_1060,3,1060
SNP_1061,3,1061
SNP_1062,3,1062
SNP_1063,3,1063
SNP_1064,3,1064
SNP_1065,3,1065
SNP_1066,3,1066
SNP_1067,3,1067
SNP_1068,3,1068
SNP_1069,3,1069
SNP_1070,3,1070
SNP_1071,3,1071
SNP_1072,3,1072
SNP_1073,3,1073
SNP_1074,3,1074
SNP_1075,3,1075
SNP_1076,3,1076
SNP_1077,3,1077
SNP_1078,3,1078
SNP_1079,3,1079
SNP_1080,3,1080
SNP_1081,3,1081
SNP_1082,3,1082
SNP_1083,3,1083
SNP_1084,3,1084
SNP_1085,3,1085
SNP_1086,3,1086
SNP_1087,3,1087
SNP_1088,3,1088
SNP_1089,3,1089
SNP_1090,3,1090
SNP_1091,3,1091
SNP_1092,3,1092
SNP_1093,3,1093
SNP_1094,3,1094
SNP_1095,3,1095
SNP_1096,3,1096
SNP_1097,3,1097
SNP_1098,3,1098
SNP_1099,3,1099
SNP_1100,3,1100
SNP_1101,3,1101
SNP_1102,3,1102
SNP_1103,3,1103
SNP_1104,3,1104
SNP_1105,3,1105
SNP_1106,3,1106
SNP_1107,3,1107
SNP_1108,3,1108
SNP_1109,3,1109
SNP_1110,3,1110
SNP_1111,3,1111
SNP_1112,3,1112
SNP_1113,3,1113
SNP_1114,3,1114
SNP_1115,3,1115
SNP_1116,3,1116
SNP_1117,3,1117
SNP_1118,3,1118
SNP_1119,3,1119
SNP_1120,3,1120
SNP_1121,3,1121
SNP_1122,3,1122
SNP_1123,3,1123
SNP_1124,3,1124
SNP_1125,3,1125
SNP_1126,3,1126
SNP_1127,3,1127
SNP_1128,3,1128
SNP_1129,3,1129
SNP_1130,3,1130
SNP_1131,3,1131
SNP_1132,3,1132
SNP_1133,3,1133
SNP_1134,3,1134
SNP_1135,3,1135
SNP_1136,3,1136
SNP_1137,3,1137
SNP_1138,3,1138
SNP_1139,3,1139
SNP_1140,3,1140
SNP_1141,3,1141
SNP_1142,3,1142
SNP_1143,3,1143
SNP_1144,3,1144
SNP_1145,3,1145
SNP_1146,3,1146
SNP_1147,3,1147
SNP_1148,3,1148
SNP_1149,3,1149
SNP_1150,3,1150
SNP_1151,3,1151
SNP_1152,3,1152
SNP_1153,3,1153
SNP_1154,3,1154
SNP_1155,3,1155
SNP_1156,3,1156
SNP_1157,3,1157
SNP_1158,3,1158
SNP_1159,3,1159
SNP_1160,3,1160
SNP_1161,3,1161
SNP_1162,3,1162
SNP_1163,3,1163
SNP_1164,3,1164
SNP_1165,3,1165
SNP_1166,3,1166
SNP_1167,3,1167
SNP_1168,3,1168
SNP_1169,3,1169
SNP_1170,3,1170
SNP_1171,3,1171
SNP_1172,3,1172
SNP_1173,3,1173
SNP_1174,3,1174
SNP_1175,3,1175
SNP_1176,3,1176
SNP_1177,3,1177
SNP_1178,3,1178
SNP_1179,3,1179
SNP_1180,3,1180
SNP_1181,3,1181
SNP_1182,3,1182
SNP_1183,3,1183
SNP_1184,3,1184
SNP_1185,3,1185
SNP_1186,3,1186
SNP_1187,3,1187
SNP_1188,3,1188
SNP_1189,3,1189
SNP_1190,3,1190
SNP_1191,3,1191
SNP_1192,3,1192
SNP_1193,3,1193
SNP_1194,3,1194
SNP_1195,3,1195
SNP_1196,3,1196
SNP_1197,3,1197
SNP_1198,3,1198
SNP_1199,3,1199
SNP_1200,3,1200
SNP_1201,4,1201
SNP_1202,4,1202
SNP_1203,4,1203
SNP_1204,4,1204
SNP_1205,4,1205
SNP_1206,4,1206
SNP_1207,4,1207
SNP_1208,4,1208
SNP_1209,4,1209
SNP_1210,4,1210
SNP_1211,4,1211
SNP_1212,4,1212
SNP_1213,4,1213
SNP_1214,4,1214
SNP_1215,4,1215
SNP_1216,4,1216
SNP_1217,4,1217
SNP_1218,4,1218
SNP_1219,4,1219
SNP_1220,4,1220
SNP_1221,4,1221
SNP_1222,4,1222
SNP_1223,4,1223
SNP_1224,4,1224
SNP_1225,4,1225
SNP_1226,4,1226
SNP_1227,4,1227
SNP_1228,4,1228
SNP_1229,4,1229
SNP_1230,4,1230
SNP_1231,4,1231
SNP_1232,4,1232
SNP_1233,4,1233
SNP_1234,4,1234
SNP_1235,4,1235
SNP_1236,4,1236
SNP_1237,4,1237
SNP_1238,4,1238
SNP_1239,4,1239
SNP_1240,4,1240
SNP_1241,4,1241
SNP_1242,4,1242
SNP_1243,4,1243
SNP_1244,4,1244
SNP_1245,4,1245
SNP_1246,4,1246
SNP_1247,4,1247
SNP_1248,4,1248
SNP_1249,4,1249
SNP_1250,4,1250
SNP_1251,4,1251
SNP_1252,4,1252
SNP_1253,4,1253
SNP_1254,4,1254
SNP_1255,4,1255
SNP_1256,4,1256
SNP_1257,4,1257
SNP_1258,4,1258
SNP_1259,4,1259
SNP_1260,4,1260
SNP_1261,4,1261
SNP_1262,4,1262
SNP_1263,4,1263
SNP_1264,4,1264
SNP_1265,4,1265
SNP_1266,4,1266
SNP_1267,4,1267
SNP_1268,4,1268
SNP_1269,4,1269
SNP_1270,4,1270
SNP_1271,4,1271
SNP_1272,4,1272
SNP_1273,4,1273
SNP_1274,4,1274
SNP_1275,4,1275
SNP_1276,4,1276
SNP_1277,4,1277
SNP_1278,4,1278
SNP_1279,4,1279
SNP_1280,4,1280
SNP_1281,4,1281
SNP_1282,4,1282
SNP_1283,4,1283
SNP_1284,4,1284
SNP_1285,4,1285
SNP_1286,4,1286
SNP_1287,4,1287
SNP_1288,4,1288
SNP_1289,4,1289
SNP_1290,4,1290
SNP_1291,4,1291
SNP_1292,4,1292
SNP_1293,4,1293
SNP_1294,4,1294
SNP_1295,4,1295
SNP_1296,4,1296
SNP_1297,4,1297
SNP_1298,4,1298
SNP_1299,4,1299
SNP_1300,4,1300
SNP_1301,4,1301
SNP_1302,4,1302
SNP_1303,4,1303
SNP_1304,4,1304
SNP_1305,4,1305
SNP_1306,4,1306
SNP_1307,4,1307
SNP_1308,4,1308
SNP_1309,4,1309
SNP_1310,4,1310
SNP_1311,4,1311
SNP_1312,4,1312
SNP_1313,4,1313
SNP_1314,4,1314
SNP_1315,4,1315
SNP_1316,4,1316
SNP_1317,4,1317
SNP_1318,4,1318
SNP_1319,4,1319
SNP_1320,4,1320
SNP_1321,4,1321
SNP_1322,4,1322
SNP_1323,4,1323
SNP_1324,4,1324
SNP_1325,4,1325
SNP_1326,4,1326
SNP_1327,4,1327
SNP_1328,4,1328
SNP_1329,4,1329
SNP_1330,4,1330
SNP_1331,4,1331
SNP_1332,4,1332
SNP_1333,4,1333
SNP_1334,4,1334
SNP_1335,4,1335
SNP_1336,4,1336
SNP_1337,4,1337
SNP_1338,4,1338
SNP_1339,4,1339
SNP_1340,4,1340
SNP_1341,4,1341
SNP_1342,4,1342
SNP_1343,4,1343
SNP_1344,4,1344
SNP_1345,4,1345
SNP_1346,4,1346
SNP_1347,4,1347
SNP_1348,4,1348
SNP_1349,4,1349
SNP_1350,4,1350
SNP_1351,4,1351
SNP_1352,4,1352
SNP_1353,4,1353
SNP_1354,4,1354
SNP_1355,4,1355
SNP_1356,4,1356
SNP_1357,4,1357
SNP_1358,4,1358
SNP_1359,4,1359
SNP_1360,4,1360
SNP_1361,4,1361
SNP_1362,4,1362
SNP_1363,4,1363
SNP_1364,4,1364
SNP_1365,4,1365
SNP_1366,4,1366
SNP_1367,4,1367
SNP_1368,4,1368
SNP_1369,4,1369
SNP_1370,4,1370
SNP_1371,4,1371
SNP_1372,4,1372
SNP_1373,4,1373
SNP_1374,4,1374
SNP_1375,4,1375
SNP_1376,4,1376
SNP_1377,4,1377
SNP_1378,4,1378
SNP_1379,4,1379
SNP_1380,4,1380
SNP_1381,4,1381
SNP_1382,4,1382
SNP_1383,4,1383
SNP_1384,4,1384
SNP_1385,4,1385
SNP_1386,4,1386
SNP_1387,4,1387
SNP_1388,4,1388
SNP_1389,4,1389
SNP_1390,4,1390
SNP_1391,4,1391
SNP_1392,4,1392
SNP_1393,4,1393
SNP_1394,4,1394
SNP_1395,4,1395
SNP_1396,4,1396
SNP_1397,4,1397
SNP_1398,4,1398
SNP_1399,4,1399
SNP_1400,4,1400
SNP_1401,4,1401
SNP_1402,4,1402
SNP_1403,4,1403
SNP_1404,4,1404
SNP_1405,4,1405
SNP_1406,4,1406
SNP_1407,4,1407
SNP_1408,4,1408
SNP_1409,4,1409
SNP_1410,4,1410
SNP_1411,4,1411
SNP_1412,4,1412
SNP_1413,4,1413
SNP_1414,4,1414
SNP_1415,4,1415
SNP_1416,4,1416
SNP_1417,4,1417
SNP_1418,4,1418
SNP_1419,4,1419
SNP_1420,4,1420
SNP_1421,4,1421
SNP_1422,4,1422
SNP_1423,4,1423
SNP_1424,4,1424
SNP_1425,4,1425
SNP_1426,4,1426
SNP_1427,4,1427
SNP_1428,4,1428
SNP_1429,4,1429
SNP_1430,4,1430
SNP_1431,4,1431
SNP_1432,4,1432
SNP_1433,4,1433
SNP_1434,4,1434
SNP_1435,4,1435
SNP_1436,4,1436
SNP_1437,4,1437
SNP_1438,4,1438
SNP_1439,4,1439
SNP_1440,4,1440
SNP_1441,4,1441
SNP_1442,4,1442
SNP_1443,4,1443
SNP_1444,4,1444
SNP_1445,4,1445
SNP_1446,4,1446
SNP_1447,4,1447
SNP_1448,4,1448
SNP_1449,4,1449
SNP_1450,4,1450
SNP_1451,4,1451
SNP_1452,4,1452
SNP_1453,4,1453
SNP_1454,4,1454
SNP_1455,4,1455
SNP_1456,4,1456
SNP_1457,4,1457
SNP_1458,4,1458
SNP_1459,4,1459
SNP_1460,4,1460
SNP_1461,4,1461
SNP_1462,4,1462
SNP_1463,4,1463
SNP_1464,4,1464
SNP_1465,4,1465
SNP_1466,4,1466
SNP_1467,4,1467
SNP_1468,4,1468
SNP_1469,4,1469
SNP_1470,4,1470
SNP_1471,4,1471
SNP_1472,4,1472
SNP_1473,4,1473
SNP_1474,4,1474
SNP_1475,4,1475
SNP_1476,4,1476
SNP_1477,4,1477
SNP_1478,4,1478
SNP_1479,4,1479
SNP_1480,4,1480
SNP_1481,4,1481
SNP_1482,4,1482
SNP_1483,4,1483
SNP_1484,4,1484
SNP_1485,4,1485
SNP_1486,4,1486
SNP_1487,4,1487
SNP_1488,4,1488
SNP_1489,4,1489
SNP_1490,4,1490
SNP_1491,4,1491
SNP_1492,4,1492
SNP_1493,4,1493
SNP_1494,4,1494
SNP_1495,4,1495
SNP_1496,4,1496
SNP_1497,4,1497
SNP_1498,4,1498
SNP_1499,4,1499
SNP_1500,4,1500
SNP_1501,4,1501
SNP_1502,4,1502
SNP_1503,4,1503
SNP_1504,4,1504
SNP_1505,4,1505
SNP_1506,4,1506
SNP_1507,4,1507
SNP_1508,4,1508
SNP_1509,4,1509
SNP_1510,4,1510
SNP_1511,4,1511
SNP_1512,4,1512
SNP_1513,4,1513
SNP_1514,4,1514
SNP_1515,4,1515
SNP_1516,4,1516
SNP_1517,4,1517
SNP_1518,4,1518
SNP_1519,4,1519
SNP_1520,4,1520
SNP_1521,4,1521
SNP_1522,4,1522
SNP_1523,4,1523
SNP_1524,4,1524
SNP_1525,4,1525
SNP_1526,4,1526
SNP_1527,4,1527
SNP_1528,4,1528
SNP_1529,4,1529
SNP_1530,4,1530
SNP_1531,4,1531
SNP_1532,4,1532
SNP_1533,4,1533
SNP_1534,4,1534
SNP_1535,4,1535
SNP_1536,4,1536
SNP_1537,4,1537
SNP_1538,4,1538
SNP_1539,4,1539
SNP_1540,4,1540
SNP_1541,4,1541
SNP_1542,4,1542
SNP_1543,4,1543
SNP_1544,4,1544
SNP_1545,4,1545
SNP_1546,4,1546
SNP_1547,4,1547
SNP_1548,4,1548
SNP_1549,4,1549
SNP_1550,4,1550
SNP_1551,4,1551
SNP_1552,4,1552
SNP_1553,4,1553
SNP_1554,4,1554
SNP_1555,4,1555
SNP_1556,4,1556
SNP_1557,4,1557
SNP_1558,4,1558
SNP_1559,4,1559
SNP_1560,4,1560
SNP_1561,4,1561
SNP_1562,4,1562
SNP_1563,4,1563
SNP_1564,4,1564
SNP_1565,4,1565
SNP_1566,4,1566
SNP_1567,4,1567
SNP_1568,4,1568
SNP_1569,4,1569
SNP_1570,4,1570
SNP_1571,4,1571
SNP_1572,4,1572
SNP_1573,4,1573
SNP_1574,4,1574
SNP_1575,4,1575
SNP_1576,4,1576
SNP_1577,4,1577
SNP_1578,4,1578
SNP_1579,4,1579
SNP_1580,4,1580
SNP_1581,4,1581
SNP_1582,4,1582
SNP_1583,4,1583
SNP_1584,4,1584
SNP_1585,4,1585
SNP_1586,4,1586
SNP_1587,4,1587
SNP_1588,4,1588
SNP_1589,4,1589
SNP_1590,4,1590
SNP_1591,4,1591
SNP_1592,4,1592
SNP_1593,4,1593
SNP_1594,4,1594
SNP_1595,4,1595
SNP_1596,4,1596
SNP_1597,4,1597
SNP_1598,4,1598
SNP_1599,4,1599
SNP_1600,4,1600
SNP_1601,5,1601
SNP_1602,5,1602
SNP_1603,5,1603
SNP_1604,5,1604
SNP_1605,5,1605
SNP_1606,5,1606
SNP_1607,5,1607
SNP_1608,5,1608
SNP_1609,5,1609
SNP_1610,5,1610
SNP_1611,5,1611
SNP_1612,5,1612
SNP_1613,5,1613
SNP_1614,5,1614
SNP_1615,5,1615
SNP_1616,5,1616
SNP_1617,5,1617
SNP_1618,5,1618
SNP_1619,5,1619
SNP_1620,5,1620
SNP_1621,5,1621
SNP_1622,5,1622
SNP_1623,5,1623
SNP_1624,5,1624
SNP_1625,5,1625
SNP_1626,5,1626
SNP_1627,5,1627
SNP_1628,5,1628
SNP_1629,5,1629
SNP_1630,5,1630
SNP_1631,5,1631
SNP_1632,5,1632
SNP_1633,5,1633
SNP_1634,5,1634
SNP_1635,5,1635
SNP_1636,5,1636
SNP_1637,5,1637
SNP_1638,5,1638
SNP_1639,5,1639
SNP_1640,5,1640
SNP_1641,5,1641
SNP_1642,5,1642
SNP_1643,5,1643
SNP_1644,5,1644
SNP_1645,5,1645
SNP_1646,5,1646
SNP_1647,5,1647
SNP_1648,5,1648
SNP_1649,5,1649
SNP_1650,5,1650
SNP_1651,5,1651
SNP_1652,5,1652
SNP_1653,5,1653
SNP_1654,5,1654
SNP_1655,5,1655
SNP_1656,5,1656
SNP_1657,5,1657
SNP_1658,5,1658
SNP_1659,5,1659
SNP_1660,5,1660
SNP_1661,5,1661
SNP_1662,5,1662
SNP_1663,5,1663
SNP_1664,5,1664
SNP_1665,5,1665
SNP_1666,5,1666
SNP_1667,5,1667
SNP_1668,5,1668
SNP_1669,5,1669
SNP_1670,5,1670
SNP_1671,5,1671
SNP_1672,5,1672
SNP_1673,5,1673
SNP_1674,5,1674
SNP_1675,5,1675
SNP_1676,5,1676
SNP_1677,5,1677
SNP_1678,5,1678
SNP_1679,5,1679
SNP_1680,5,1680
SNP_1681,5,1681
SNP_1682,5,1682
SNP_1683,5,1683
SNP_1684,5,1684
SNP_1685,5,1685
SNP_1686,5,1686
SNP_1687,5,1687
SNP_1688,5,1688
SNP_1689,5,1689
SNP_1690,5,1690
SNP_1691,5,1691
SNP_1692,5,1692
SNP_1693,5,1693
SNP_1694,5,1694
SNP_1695,5,1695
SNP_1696,5,1696
SNP_1697,5,1697
SNP_1698,5,1698
SNP_1699,5,1699
SNP_1700,5,1700
SNP_1701,5,1701
SNP_1702,5,1702
SNP_1703,5,1703
SNP_1704,5,1704
SNP_1705,5,1705
SNP_1706,5,1706
SNP_1707,5,1707
SNP_1708,5,1708
SNP_1709,5,1709
SNP_1710,5,1710
SNP_1711,5,1711
SNP_1712,5,1712
SNP_1713,5,1713
SNP_1714,5,1714
SNP_1715,5,1715
SNP_1716,5,1716
SNP_1717,5,1717
SNP_1718,5,1718
SNP_1719,5,1719
SNP_1720,5,1720
SNP_1721,5,1721
SNP_1722,5,1722
SNP_1723,5,1723
SNP_1724,5,1724
SNP_1725,5,1725
SNP_1726,5,1726
SNP_1727,5,1727
SNP_1728,5,1728
SNP_1729,5,1729
SNP_1730,5,1730
SNP_1731,5,1731
SNP_1732,5,1732
SNP_1733,5,1733
SNP_1734,5,1734
SNP_1735,5,1735
SNP_1736,5,1736
SNP_1737,5,1737
SNP_1738,5,1738
SNP_1739,5,1739
SNP_1740,5,1740
SNP_1741,5,1741
SNP_1742,5,1742
SNP_1743,5,1743
SNP_1744,5,1744
SNP_1745,5,1745
SNP_1746,5,1746
SNP_1747,5,1747
SNP_1748,5,1748
SNP_1749,5,1749
SNP_1750,5,1750
SNP_1751,5,1751
SNP_1752,5,1752
SNP_1753,5,1753
SNP_1754,5,1754
SNP_1755,5,1755
SNP_1756,5,1756
SNP_1757,5,1757
SNP_1758,5,1758
SNP_1759,5,1759
SNP_1760,5,1760
SNP_1761,5,1761
SNP_1762,5,1762
SNP_1763,5,1763
SNP_1764,5,1764
SNP_1765,5,1765
SNP_1766,5,1766
SNP_1767,5,1767
SNP_1768,5,1768
SNP_1769,5,1769
SNP_1770,5,1770
SNP_1771,5,1771
SNP_1772,5,1772
SNP_1773,5,1773
SNP_1774,5,1774
SNP_1775,5,1775
SNP_1776,5,1776
SNP_1777,5,1777
SNP_1778,5,1778
SNP_1779,5,1779
SNP_1780,5,1780
SNP_1781,5,1781
SNP_1782,5,1782
SNP_1783,5,1783
SNP_1784,5,1784
SNP_1785,5,1785
SNP_1786,5,1786
SNP_1787,5,1787
SNP_1788,5,1788
SNP_1789,5,1789
SNP_1790,5,1790
SNP_1791,5,1791
SNP_1792,5,1792
SNP_1793,5,1793
SNP_1794,5,1794
SNP_1795,5,1795
SNP_1796,5,1796
SNP_1797,5,1797
SNP_1798,5,1798
SNP_1799,5,1799
SNP_1800,5,1800
SNP_1801,5,1801
SNP_1802,5,1802
SNP_1803,5,1803
SNP_1804,5,1804
SNP_1805,5,1805
SNP_1806,5,1806
SNP_1807,5,1807
SNP_1808,5,1808
SNP_1809,5,1809
SNP_1810,5,1810
SNP_1811,5,1811
SNP_1812,5,1812
SNP_1813,5,1813
SNP_1814,5,1814
SNP_1815,5,1815
SNP_1816,5,1816
SNP_1817,5,1817
SNP_1818,5,1818
SNP_1819,5,1819
SNP_1820,5,1820
SNP_1821,5,1821
SNP_1822,5,1822
SNP_1823,5,1823
SNP_1824,5,1824
SNP_1825,5,1825
SNP_1826,5,1826
SNP_1827,5,1827
SNP_1828,5,1828
SNP_1829,5,1829
SNP_1830,5,1830
SNP_1831,5,1831
SNP_1832,5,1832
SNP_1833,5,1833
SNP_1834,5,1834
SNP_1835,5,1835
SNP_1836,5,1836
SNP_1837,5,1837
SNP_1838,5,1838
SNP_1839,5,1839
SNP_1840,5,1840
SNP_1841,5,1841
SNP_1842,5,1842
SNP_1843,5,1843
SNP_1844,5,1844
SNP_1845,5,1845
SNP_1846,5,1846
SNP_1847,5,1847
SNP_1848,5,1848
SNP_1849,5,1849
SNP_1850,5,1850
SNP_1851,5,1851
SNP_1852,5,1852
SNP_1853,5,1853
SNP_1854,5,1854
SNP_1855,5,1855
SNP_1856,5,1856
SNP_1857,5,1857
SNP_1858,5,1858
SNP_1859,5,1859
SNP_1860,5,1860
SNP_1861,5,1861
SNP_1862,5,1862
SNP_1863,5,1863
SNP_1864,5,1864
SNP_1865,5,1865
SNP_1866,5,1866
SNP_1867,5,1867
SNP_1868,5,1868
SNP_1869,5,1869
SNP_1870,5,1870
SNP_1871,5,1871
SNP_1872,5,1872
SNP_1873,5,1873
SNP_1874,5,1874
SNP_1875,5,1875
SNP_1876,5,1876
SNP_1877,5,1877
SNP_1878,5,1878
SNP_1879,5,1879
SNP_1880,5,1880
SNP_1881,5,1881
SNP_1882,5,1882
SNP_1883,5,1883
SNP_1884,5,1884
SNP_1885,5,1885
SNP_1886,5,1886
SNP_1887,5,1887
SNP_1888,5,1888
SNP_1889,5,1889
SNP_1890,5,1890
SNP_1891,5,1891
SNP_1892,5,1892
SNP_1893,5,1893
SNP_1894,5,1894
SNP_1895,5,1895
SNP_1896,5,1896
SNP_1897,5,1897
SNP_1898,5,1898
SNP_1899,5,1899
SNP_1900,5,1900
SNP_1901,5,1901
SNP_1902,5,1902
SNP_1903,5,1903
SNP_1904,5,1904
SNP_1905,5,1905
SNP_1906,5,1906
SNP_1907,5,1907
SNP_1908,5,1908
SNP_1909,5,1909
SNP_1910,5,1910
SNP_1911,5,1911
SNP_1912,5,1912
SNP_1913,5,1913
SNP_1914,5,1914
SNP_1915,5,1915
SNP_1916,5,1916
SNP_1917,5,1917
SNP_1918,5,1918
SNP_1919,5,1919
SNP_1920,5,1920
SNP_1921,5,1921
SNP_1922,5,1922
SNP_1923,5,1923
SNP_1924,5,1924
SNP_1925,5,1925
SNP_1926,5,1926
SNP_1927,5,1927
SNP_1928,5,1928
SNP_1929,5,1929
SNP_1930,5,1930
SNP_1931,5,1931
SNP_1932,5,1932
SNP_1933,5,1933
SNP_1934,5,1934
SNP_1935,5,1935
SNP_1936,5,1936
SNP_1937,5,1937
SNP_1938,5,1938
SNP_1939,5,1939
SNP_1940,5,1940
SNP_1941,5,1941
SNP_1942,5,1942
SNP_1943,5,1943
SNP_1944,5,1944
SNP_1945,5,1945
SNP_1946,5,1946
SNP_1947,5,1947
SNP_1948,5,1948
SNP_1949,5,1949
SNP_1950,5,1950
SNP_1951,5,1951
SNP_1952,5,1952
SNP_1953,5,1953
SNP_1954,5,1954
SNP_1955,5,1955
SNP_1956,5,1956
SNP_1957,5,1957
SNP_1958,5,1958
SNP_1959,5,1959
SNP_1960,5,1960
SNP_1961,5,1961
SNP_1962,5,1962
SNP_1963,5,1963
SNP_1964,5,1964
SNP_1965,5,1965
SNP_1966,5,1966
SNP_1967,5,1967
SNP_1968,5,1968
SNP_1969,5,1969
SNP_1970,5,1970
SNP_1971,5,1971
SNP_1972,5,1972
SNP_1973,5,1973
SNP_1974,5,1974
SNP_1975,5,1975
SNP_1976,5,1976
SNP_1977,5,1977
SNP_1978,5,1978
SNP_1979,5,1979
SNP_1980,5,1980
SNP_1981,5,1981
SNP_1982,5,1982
SNP_1983,5,1983
SNP_1984,5,1984
SNP_1985,5,1985
SNP_1986,5,1986
SNP_1987,5,1987
SNP_1988,5,1988
SNP_1989,5,1989
SNP_1990,5,1990
SNP_1991,5,1991
SNP_1992,5,1992
SNP_1993,5,1993
SNP_1994,5,1994
SNP_1995,5,1995
SNP_1996,5,1996
SNP_1997,5,1997
SNP_1998,5,1998
SNP_1999,5,1999
SNP_2000,5,2000
SNP_2001,6,2001
SNP_2002,6,2002
SNP_2003,6,2003
SNP_2004,6,2004
SNP_2005,6,2005
SNP_2006,6,2006
SNP_2007,6,2007
SNP_2008,6,2008
SNP_2009,6,2009
SNP_2010,6,2010
SNP_2011,6,2011
SNP_2012,6,2012
SNP_2013,6,2013
SNP_2014,6,2014
SNP_2015,6,2015
SNP_2016,6,2016
SNP_2017,6,2017
SNP_2018,6,2018
SNP_2019,6,2019
SNP_2020,6,2020
SNP_2021,6,2021
SNP_2022,6,2022
SNP_2023,6,2023
SNP_2024,6,2024
SNP_2025,6,2025
SNP_2026,6,2026
SNP_2027,6,2027
SNP_2028,6,2028
SNP_2029,6,2029
SNP_2030,6,2030
SNP_2031,6,2031
SNP_2032,6,2032
SNP_2033,6,2033
SNP_2034,6,2034
SNP_2035,6,2035
SNP_2036,6,2036
SNP_2037,6,2037
SNP_2038,6,2038
SNP_2039,6,2039
SNP_2040,6,2040
SNP_2041,6,2041
SNP_2042,6,2042
SNP_2043,6,2043
SNP_2044,6,2044
SNP_2045,6,2045
SNP_2046,6,2046
SNP_2047,6,2047
SNP_2048,6,2048
SNP_2049,6,2049
SNP_2050,6,2050
SNP_2051,6,2051
SNP_2052,6,2052
SNP_2053,6,2053
SNP_2054,6,2054
SNP_2055,6,2055
SNP_2056,6,2056
SNP_2057,6,2057
SNP_2058,6,2058
SNP_2059,6,2059
SNP_2060,6,2060
SNP_2061,6,2061
SNP_2062,6,2062
SNP_2063,6,2063
SNP_2064,6,2064
SNP_2065,6,2065
SNP_2066,6,2066
SNP_2067,6,2067
SNP_2068,6,2068
SNP_2069,6,2069
SNP_2070,6,2070
SNP_2071,6,2071
SNP_2072,6,2072
SNP_2073,6,2073
SNP_2074,6,2074
SNP_2075,6,2075
SNP_2076,6,2076
SNP_2077,6,2077
SNP_2078,6,2078
SNP_2079,6,2079
SNP_2080,6,2080
SNP_2081,6,2081
SNP_2082,6,2082
SNP_2083,6,2083
SNP_2084,6,2084
SNP_2085,6,2085
SNP_2086,6,2086
SNP_2087,6,2087
SNP_2088,6,2088
SNP_2089,6,2089
SNP_2090,6,2090
SNP_2091,6,2091
SNP_2092,6,2092
SNP_2093,6,2093
SNP_2094,6,2094
SNP_2095,6,2095
SNP_2096,6,2096
SNP_2097,6,2097
SNP_2098,6,2098
SNP_2099,6,2099
SNP_2100,6,2100
SNP_2101,6,2101
SNP_2102,6,2102
SNP_2103,6,2103
SNP_2104,6,2104
SNP_2105,6,2105
SNP_2106,6,2106
SNP_2107,6,2107
SNP_2108,6,2108
SNP_2109,6,2109
SNP_2110,6,2110
SNP_2111,6,2111
SNP_2112,6,2112
SNP_2113,6,2113
SNP_2114,6,2114
SNP_2115,6,2115
SNP_2116,6,2116
SNP_2117,6,2117
SNP_2118,6,2118
SNP_2119,6,2119
SNP_2120,6,2120
SNP_2121,6,2121
SNP_2122,6,2122
SNP_2123,6,2123
SNP_2124,6,2124
SNP_2125,6,2125
SNP_2126,6,2126
SNP_2127,6,2127
SNP_2128,6,2128
SNP_2129,6,2129
SNP_2130,6,2130
SNP_2131,6,2131
SNP_2132,6,2132
SNP_2133,6,2133
SNP_2134,6,2134
SNP_2135,6,2135
SNP_2136,6,2136
SNP_2137,6,2137
SNP_2138,6,2138
SNP_2139,6,2139
SNP_2140,6,2140
SNP_2141,6,2141
SNP_2142,6,2142
SNP_2143,6,2143
SNP_2144,6,2144
SNP_2145,6,2145
SNP_2146,6,2146
SNP_2147,6,2147
SNP_2148,6,2148
SNP_2149,6,2149
SNP_2150,6,2150
SNP_2151,6,2151
SNP_2152,6,2152
SNP_2153,6,2153
SNP_2154,6,2154
SNP_2155,6,2155
SNP_2156,6,2156
SNP_2157,6,2157
SNP_2158,6,2158
SNP_2159,6,2159
SNP_2160,6,2160
SNP_2161,6,2161
SNP_2162,6,2162
SNP_2163,6,2163
SNP_2164,6,2164
SNP_2165,6,2165
SNP_2166,6,2166
SNP_2167,6,2167
SNP_2168,6,2168
SNP_2169,6,2169
SNP_2170,6,2170
SNP_2171,6,2171
SNP_2172,6,2172
SNP_2173,6,2173
SNP_2174,6,2174
SNP_2175,6,2175
SNP_2176,6,2176
SNP_2177,6,2177
SNP_2178,6,2178
SNP_2179,6,2179
SNP_2180,6,2180
SNP_2181,6,2181
SNP_2182,6,2182
SNP_2183,6,2183
SNP_2184,6,2184
SNP_2185,6,2185
SNP_2186,6,2186
SNP_2187,6,2187
SNP_2188,6,2188
SNP_2189,6,2189
SNP_2190,6,2190
SNP_2191,6,2191
SNP_2192,6,2192
SNP_2193,6,2193
SNP_2194,6,2194
SNP_2195,6,2195
SNP_2196,6,2196
SNP_2197,6,2197
SNP_2198,6,2198
SNP_2199,6,2199
SNP_2200,6,2200
SNP_2201,6,2201
SNP_2202,6,2202
SNP_2203,6,2203
SNP_2204,6,2204
SNP_2205,6,2205
SNP_2206,6,2206
SNP_2207,6,2207
SNP_2208,6,2208
SNP_2209,6,2209
SNP_2210,6,2210
SNP_2211,6,2211
SNP_2212,6,2212
SNP_2213,6,2213
SNP_2214,6,2214
SNP_2215,6,2215
SNP_2216,6,2216
SNP_2217,6,2217
SNP_2218,6,2218
SNP_2219,6,2219
SNP_2220,6,2220
SNP_2221,6,2221
SNP_2222,6,2222
SNP_2223,6,2223
SNP_2224,6,2224
SNP_2225,6,2225
SNP_2226,6,2226
SNP_2227,6,2227
SNP_2228,6,2228
SNP_2229,6,2229
SNP_2230,6,2230
SNP_2231,6,2231
SNP_2232,6,2232
SNP_2233,6,2233
SNP_2234,6,2234
SNP_2235,6,2235
SNP_2236,6,2236
SNP_2237,6,2237
SNP_2238,6,2238
SNP_2239,6,2239
SNP_2240,6,2240
SNP_2241,6,2241
SNP_2242,6,2242
SNP_2243,6,2243
SNP_2244,6,2244
SNP_2245,6,2245
SNP_2246,6,2246
SNP_2247,6,2247
SNP_2248,6,2248
SNP_2249,6,2249
SNP_2250,6,2250
SNP_2251,6,2251
SNP_2252,6,2252
SNP_2253,6,2253
SNP_2254,6,2254
SNP_2255,6,2255
SNP_2256,6,2256
SNP_2257,6,2257
SNP_2258,6,2258
SNP_2259,6,2259
SNP_2260,6,2260
SNP_2261,6,2261
SNP_2262,6,2262
SNP_2263,6,2263
SNP_2264,6,2264
SNP_2265,6,2265
SNP_2266,6,2266
SNP_2267,6,2267
SNP_2268,6,2268
SNP_2269,6,2269
SNP_2270,6,2270
SNP_2271,6,2271
SNP_2272,6,2272
SNP_2273,6,2273
SNP_2274,6,2274
SNP_2275,6,2275
SNP_2276,6,2276
SNP_2277,6,2277
SNP_2278,6,2278
SNP_2279,6,2279
SNP_2280,6,2280
SNP_2281,6,2281
SNP_2282,6,2282
SNP_2283,6,2283
SNP_2284,6,2284
SNP_2285,6,2285
SNP_2286,6,2286
SNP_2287,6,2287
SNP_2288,6,2288
SNP_2289,6,2289
SNP_2290,6,2290
SNP_2291,6,2291
SNP_2292,6,2292
SNP_2293,6,2293
SNP_2294,6,2294
SNP_2295,6,2295
SNP_2296,6,2296
SNP_2297,6,2297
SNP_2298,6,2298
SNP_2299,6,2299
SNP_2300,6,2300
SNP_2301,6,2301
SNP_2302,6,2302
SNP_2303,6,2303
SNP_2304,6,2304
SNP_2305,6,2305
SNP_2306,6,2306
SNP_2307,6,2307
SNP_2308,6,2308
SNP_2309,6,2309
SNP_2310,6,2310
SNP_2311,6,2311
SNP_2312,6,2312
SNP_2313,6,2313
SNP_2314,6,2314
SNP_2315,6,2315
SNP_2316,6,2316
SNP_2317,6,2317
SNP_2318,6,2318
SNP_2319,6,2319
SNP_2320,6,2320
SNP_2321,6,2321
SNP_2322,6,2322
SNP_2323,6,2323
SNP_2324,6,2324
SNP_2325,6,2325
SNP_2326,6,2326
SNP_2327,6,2327
SNP_2328,6,2328
SNP_2329,6,2329
SNP_2330,6,2330
SNP_2331,6,2331
SNP_2332,6,2332
SNP_2333,6,2333
SNP_2334,6,2334
SNP_2335,6,2335
SNP_2336,6,2336
SNP_2337,6,2337
SNP_2338,6,2338
SNP_2339,6,2339
SNP_2340,6,2340
SNP_2341,6,2341
SNP_2342,6,2342
SNP_2343,6,2343
SNP_2344,6,2344
SNP_2345,6,2345
SNP_2346,6,2346
SNP_2347,6,2347
SNP_2348,6,2348
SNP_2349,6,2349
SNP_2350,6,2350
SNP_2351,6,2351
SNP_2352,6,2352
SNP_2353,6,2353
SNP_2354,6,2354
SNP_2355,6,2355
SNP_2356,6,2356
SNP_2357,6,2357
SNP_2358,6,2358
SNP_2359,6,2359
SNP_2360,6,2360
SNP_2361,6,2361
SNP_2362,6,2362
SNP_2363,6,2363
SNP_2364,6,2364
SNP_2365,6,2365
SNP_2366,6,2366
SNP_2367,6,2367
SNP_2368,6,2368
SNP_2369,6,2369
SNP_2370,6,2370
SNP_2371,6,2371
SNP_2372,6,2372
SNP_2373,6,2373
SNP_2374,6,2374
SNP_2375,6,2375
SNP_2376,6,2376
SNP_2377,6,2377
SNP_2378,6,2378
SNP_2379,6,2379
SNP_2380,6,2380
SNP_2381,6,2381
SNP_2382,6,2382
SNP_2383,6,2383
SNP_2384,6,2384
SNP_2385,6,2385
SNP_2386,6,2386
SNP_2387,6,2387
SNP_2388,6,2388
SNP_2389,6,2389
SNP_2390,6,2390
SNP_2391,6,2391
SNP_2392,6,2392
SNP_2393,6,2393
SNP_2394,6,2394
SNP_2395,6,2395
SNP_2396,6,2396
SNP_2397,6,2397
SNP_2398,6,2398
SNP_2399,6,2399
SNP_2400,6,2400
SNP_2401,7,2401
SNP_2402,7,2402
SNP_2403,7,2403
SNP_2404,7,2404
SNP_2405,7,2405
SNP_2406,7,2406
SNP_2407,7,2407
SNP_2408,7,2408
SNP_2409,7,2409
SNP_2410,7,2410
SNP_2411,7,2411
SNP_2412,7,2412
SNP_2413,7,2413
SNP_2414,7,2414
SNP_2415,7,2415
SNP_2416,7,2416
SNP_2417,7,2417
SNP_2418,7,2418
SNP_2419,7,2419
SNP_2420,7,2420
SNP_2421,7,2421
SNP_2422,7,2422
SNP_2423,7,2423
SNP_2424,7,2424
SNP_2425,7,2425
SNP_2426,7,2426
SNP_2427,7,2427
SNP_2428,7,2428
SNP_2429,7,2429
SNP_2430,7,2430
SNP_2431,7,2431
SNP_2432,7,2432
SNP_2433,7,2433
SNP_2434,7,2434
SNP_2435,7,2435
SNP_2436,7,2436
SNP_2437,7,2437
SNP_2438,7,2438
SNP_2439,7,2439
SNP_2440,7,2440
SNP_2441,7,2441
SNP_2442,7,2442
SNP_2443,7,2443
SNP_2444,7,2444
SNP_2445,7,2445
SNP_2446,7,2446
SNP_2447,7,2447
SNP_2448,7,2448
SNP_2449,7,2449
SNP_2450,7,2450
SNP_2451,7,2451
SNP_2452,7,2452
SNP_2453,7,2453
SNP_2454,7,2454
SNP_2455,7,2455
SNP_2456,7,2456
SNP_2457,7,2457
SNP_2458,7,2458
SNP_2459,7,2459
SNP_2460,7,2460
SNP_2461,7,2461
SNP_2462,7,2462
SNP_2463,7,2463
SNP_2464,7,2464
SNP_2465,7,2465
SNP_2466,7,2466
SNP_2467,7,2467
SNP_2468,7,2468
SNP_2469,7,2469
SNP_2470,7,2470
SNP_2471,7,2471
SNP_2472,7,2472
SNP_2473,7,2473
SNP_2474,7,2474
SNP_2475,7,2475
SNP_2476,7,2476
SNP_2477,7,2477
SNP_2478,7,2478
SNP_2479,7,2479
SNP_2480,7,2480
SNP_2481,7,2481
SNP_2482,7,2482
SNP_2483,7,2483
SNP_2484,7,2484
SNP_2485,7,2485
SNP_2486,7,2486
SNP_2487,7,2487
SNP_2488,7,2488
SNP_2489,7,2489
SNP_2490,7,2490
SNP_2491,7,2491
SNP_2492,7,2492
SNP_2493,7,2493
SNP_2494,7,2494
SNP_2495,7,2495
SNP_2496,7,2496
SNP_2497,7,2497
SNP_2498,7,2498
SNP_2499,7,2499
SNP_2500,7,2500
SNP_2501,7,2501
SNP_2502,7,2502
SNP_2503,7,2503
SNP_2504,7,2504
SNP_2505,7,2505
SNP_2506,7,2506
SNP_2507,7,2507
SNP_2508,7,2508
SNP_2509,7,2509
SNP_2510,7,2510
SNP_2511,7,2511
SNP_2512,7,2512
SNP_2513,7,2513
SNP_2514,7,2514
SNP_2515,7,2515
SNP_2516,7,2516
SNP_2517,7,2517
SNP_2518,7,2518
SNP_2519,7,2519
SNP_2520,7,2520
SNP_2521,7,2521
SNP_2522,7,2522
SNP_2523,7,2523
SNP_2524,7,2524
SNP_2525,7,2525
SNP_2526,7,2526
SNP_2527,7,2527
SNP_2528,7,2528
SNP_2529,7,2529
SNP_2530,7,2530
SNP_2531,7,2531
SNP_2532,7,2532
SNP_2533,7,2533
SNP_2534,7,2534
SNP_2535,7,2535
SNP_2536,7,2536
SNP_2537,7,2537
SNP_2538,7,2538
SNP_2539,7,2539
SNP_2540,7,2540
SNP_2541,7,2541
SNP_2542,7,2542
SNP_2543,7,2543
SNP_2544,7,2544
SNP_2545,7,2545
SNP_2546,7,2546
SNP_2547,7,2547
SNP_2548,7,2548
SNP_2549,7,2549
SNP_2550,7,2550
SNP_2551,7,2551
SNP_2552,7,2552
SNP_2553,7,2553
SNP_2554,7,2554
SNP_2555,7,2555
SNP_2556,7,2556
SNP_2557,7,2557
SNP_2558,7,2558
SNP_2559,7,2559
SNP_2560,7,2560
SNP_2561,7,2561
SNP_2562,7,2562
SNP_2563,7,2563
SNP_2564,7,2564
SNP_2565,7,2565
SNP_2566,7,2566
SNP_2567,7,2567
SNP_2568,7,2568
SNP_2569,7,2569
SNP_2570,7,2570
SNP_2571,7,2571
SNP_2572,7,2572
SNP_2573,7,2573
SNP_2574,7,2574
SNP_2575,7,2575
SNP_2576,7,2576
SNP_2577,7,2577
SNP_2578,7,2578
SNP_2579,7,2579
SNP_2580,7,2580
SNP_2581,7,2581
SNP_2582,7,2582
SNP_2583,7,2583
SNP_2584,7,2584
SNP_2585,7,2585
SNP_2586,7,2586
SNP_2587,7,2587
SNP_2588,7,2588
SNP_2589,7,2589
SNP_2590,7,2590
SNP_2591,7,2591
SNP_2592,7,2592
SNP_2593,7,2593
SNP_2594,7,2594
SNP_2595,7,2595
SNP_2596,7,2596
SNP_2597,7,2597
SNP_2598,7,2598
SNP_2599,7,2599
SNP_2600,7,2600
SNP_2601,7,2601
SNP_2602,7,2602
SNP_2603,7,2603
SNP_2604,7,2604
SNP_2605,7,2605
SNP_2606,7,2606
SNP_2607,7,2607
SNP_2608,7,2608
SNP_2609,7,2609
SNP_2610,7,2610
SNP_2611,7,2611
SNP_2612,7,2612
SNP_2613,7,2613
SNP_2614,7,2614
SNP_2615,7,2615
SNP_2616,7,2616
SNP_2617,7,2617
SNP_2618,7,2618
SNP_2619,7,2619
SNP_2620,7,2620
SNP_2621,7,2621
SNP_2622,7,2622
SNP_2623,7,2623
SNP_2624,7,2624
SNP_2625,7,2625
SNP_2626,7,2626
SNP_2627,7,2627
SNP_2628,7,2628
SNP_2629,7,2629
SNP_2630,7,2630
SNP_2631,7,2631
SNP_2632,7,2632
SNP_2633,7,2633
SNP_2634,7,2634
SNP_2635,7,2635
SNP_2636,7,2636
SNP_2637,7,2637
SNP_2638,7,2638
SNP_2639,7,2639
SNP_2640,7,2640
SNP_2641,7,2641
SNP_2642,7,2642
SNP_2643,7,2643
SNP_2644,7,2644
SNP_2645,7,2645
SNP_2646,7,2646
SNP_2647,7,2647
SNP_2648,7,2648
SNP_2649,7,2649
SNP_2650,7,2650
SNP_2651,7,2651
SNP_2652,7,2652
SNP_2653,7,2653
SNP_2654,7,2654
SNP_2655,7,2655
SNP_2656,7,2656
SNP_2657,7,2657
SNP_2658,7,2658
SNP_2659,7,2659
SNP_2660,7,2660
SNP_2661,7,2661
SNP_2662,7,2662
SNP_2663,7,2663
SNP_2664,7,2664
SNP_2665,7,2665
SNP_2666,7,2666
SNP_2667,7,2667
SNP_2668,7,2668
SNP_2669,7,2669
SNP_2670,7,2670
SNP_2671,7,2671
SNP_2672,7,2672
SNP_2673,7,2673
SNP_2674,7,2674
SNP_2675,7,2675
SNP_2676,7,2676
SNP_2677,7,2677
SNP_2678,7,2678
SNP_2679,7,2679
SNP_2680,7,2680
SNP_2681,7,2681
SNP_2682,7,2682
SNP_2683,7,2683
SNP_2684,7,2684
SNP_2685,7,2685
SNP_2686,7,2686
SNP_2687,7,2687
SNP_2688,7,2688
SNP_2689,7,2689
SNP_2690,7,2690
SNP_2691,7,2691
SNP_2692,7,2692
SNP_2693,7,2693
SNP_2694,7,2694
SNP_2695,7,2695
SNP_2696,7,2696
SNP_2697,7,2697
SNP_2698,7,2698
SNP_2699,7,2699
SNP_2700,7,2700
SNP_2701,7,2701
SNP_2702,7,2702
SNP_2703,7,2703
SNP_2704,7,2704
SNP_2705,7,2705
SNP_2706,7,2706
SNP_2707,7,2707
SNP_2708,7,2708
SNP_2709,7,2709
SNP_2710,7,2710
SNP_2711,7,2711
SNP_2712,7,2712
SNP_2713,7,2713
SNP_2714,7,2714
SNP_2715,7,2715
SNP_2716,7,2716
SNP_2717,7,2717
SNP_2718,7,2718
SNP_2719,7,2719
SNP_2720,7,2720
SNP_2721,7,2721
SNP_2722,7,2722
SNP_2723,7,2723
SNP_2724,7,2724
SNP_2725,7,2725
SNP_2726,7,2726
SNP_2727,7,2727
SNP_2728,7,2728
SNP_2729,7,2729
SNP_2730,7,2730
SNP_2731,7,2731
SNP_2732,7,2732
SNP_2733,7,2733
SNP_2734,7,2734
SNP_2735,7,2735
SNP_2736,7,2736
SNP_2737,7,2737
SNP_2738,7,2738
SNP_2739,7,2739
SNP_2740,7,2740
SNP_2741,7,2741
SNP_2742,7,2742
SNP_2743,7,2743
SNP_2744,7,2744
SNP_2745,7,2745
SNP_2746,7,2746
SNP_2747,7,2747
SNP_2748,7,2748
SNP_2749,7,2749
SNP_2750,7,2750
SNP_2751,7,2751
SNP_2752,7,2752
SNP_2753,7,2753
SNP_2754,7,2754
SNP_2755,7,2755
SNP_2756,7,2756
SNP_2757,7,2757
SNP_2758,7,2758
SNP_2759,7,2759
SNP_2760,7,2760
SNP_2761,7,2761
SNP_2762,7,2762
SNP_2763,7,2763
SNP_2764,7,2764
SNP_2765,7,2765
SNP_2766,7,2766
SNP_2767,7,2767
SNP_2768,7,2768
SNP_2769,7,2769
SNP_2770,7,2770
SNP_2771,7,2771
SNP_2772,7,2772
SNP_2773,7,2773
SNP_2774,7,2774
SNP_2775,7,2775
SNP_2776,7,2776
SNP_2777,7,2777
SNP_2778,7,2778
SNP_2779,7,2779
SNP_2780,7,2780
SNP_2781,7,2781
SNP_2782,7,2782
SNP_2783,7,2783
SNP_2784,7,2784
SNP_2785,7,2785
SNP_2786,7,2786
SNP_2787,7,2787
SNP_2788,7,2788
SNP_2789,7,2789
SNP_2790,7,2790
SNP_2791,7,2791
SNP_2792,7,2792
SNP_2793,7,2793
SNP_2794,7,2794
SNP_2795,7,2795
SNP_2796,7,2796
SNP_2797,7,2797
SNP_2798,7,2798
SNP_2799,7,2799
SNP_2800,7,2800
