chr27.10350739,ENSCAFG00000009652,486600,TWF1,10246746,10293543,F1PFK0,NA
chr27.10350739,ENSCAFG00000009652,486600,TWF1,10246746,10293543,J9NRP8,NA
chr27.10350739,ENSCAFG00000009700,486601,IRAK4,10314187,10340682,,NA
chr27.10350739,ENSCAFG00000009700,486601,IRAK4,10314187,10340682,E2RDL0,NA
chr27.10350739,ENSCAFG00000009729,477637,PUS7L,10340681,10384002,,NA
chr27.10350739,ENSCAFG00000009729,477637,PUS7L,10340681,10384002,E2RCQ4,NA
chr27.10510609,ENSCAFG00000009744,486602,ADAMTS20,10492301,10675655,,NA
chr27.10510609,ENSCAFG00000009744,486602,ADAMTS20,10492301,10675655,E2RN94,NA
chr27.10731028,ENSCAFG00000009744,486602,ADAMTS20,10492301,10675655,,NA
chr27.10731028,ENSCAFG00000009744,486602,ADAMTS20,10492301,10675655,E2RN94,NA
chr27.11331585,ENSCAFG00000009782,100856007,PRICKLE1,11426647,11437303,F1PBB9,NA
chr27.12224742,ENSCAFG00000009821,100856107,PDZRN4,12219673,12350691,J9NUF6,NA
chr27.12239154,ENSCAFG00000009821,100856107,PDZRN4,12219673,12350691,J9NUF6,NA
chr27.12258875,ENSCAFG00000009821,100856107,PDZRN4,12219673,12350691,J9NUF6,NA
chr27.12358063,ENSCAFG00000009821,100856107,PDZRN4,12219673,12350691,J9NUF6,NA
chr27.12394986,ENSCAFG00000009821,100856107,PDZRN4,12219673,12350691,J9NUF6,NA
chr27.12404289,ENSCAFG00000009821,100856107,PDZRN4,12219673,12350691,J9NUF6,NA
chr27.12607902,ENSCAFG00000009872,477641,CNTN1,12657287,12920315,,NA
chr27.12607902,ENSCAFG00000009872,477641,CNTN1,12657287,12920315,E2RCJ9,NA
chr27.12619493,ENSCAFG00000009872,477641,CNTN1,12657287,12920315,,NA
chr27.12619493,ENSCAFG00000009872,477641,CNTN1,12657287,12920315,E2RCJ9,NA
chr27.12627411,ENSCAFG00000009872,477641,CNTN1,12657287,12920315,,NA
chr27.12627411,ENSCAFG00000009872,477641,CNTN1,12657287,12920315,E2RCJ9,NA
chr27.12639940,ENSCAFG00000009872,477641,CNTN1,12657287,12920315,,NA
chr27.12639940,ENSCAFG00000009872,477641,CNTN1,12657287,12920315,E2RCJ9,NA
chr27.12650246,ENSCAFG00000009872,477641,CNTN1,12657287,12920315,,NA
chr27.12650246,ENSCAFG00000009872,477641,CNTN1,12657287,12920315,E2RCJ9,NA
chr27.12714563,ENSCAFG00000009872,477641,CNTN1,12657287,12920315,,NA
chr27.12714563,ENSCAFG00000009872,477641,CNTN1,12657287,12920315,E2RCJ9,NA
chr27.12721605,ENSCAFG00000009872,477641,CNTN1,12657287,12920315,,NA
chr27.12721605,ENSCAFG00000009872,477641,CNTN1,12657287,12920315,E2RCJ9,NA
chr27.12737720,ENSCAFG00000009872,477641,CNTN1,12657287,12920315,,NA
chr27.12737720,ENSCAFG00000009872,477641,CNTN1,12657287,12920315,E2RCJ9,NA
chr27.12745569,ENSCAFG00000009872,477641,CNTN1,12657287,12920315,,NA
chr27.12745569,ENSCAFG00000009872,477641,CNTN1,12657287,12920315,E2RCJ9,NA
chr27.12755358,ENSCAFG00000009872,477641,CNTN1,12657287,12920315,,NA
chr27.12755358,ENSCAFG00000009872,477641,CNTN1,12657287,12920315,E2RCJ9,NA
chr27.12765954,ENSCAFG00000009872,477641,CNTN1,12657287,12920315,,NA
chr27.12765954,ENSCAFG00000009872,477641,CNTN1,12657287,12920315,E2RCJ9,NA
chr27.12801775,ENSCAFG00000009872,477641,CNTN1,12657287,12920315,,NA
chr27.12801775,ENSCAFG00000009872,477641,CNTN1,12657287,12920315,E2RCJ9,NA
chr27.12810963,ENSCAFG00000009872,477641,CNTN1,12657287,12920315,,NA
chr27.12810963,ENSCAFG00000009872,477641,CNTN1,12657287,12920315,E2RCJ9,NA
chr27.12834874,ENSCAFG00000009872,477641,CNTN1,12657287,12920315,,NA
chr27.12834874,ENSCAFG00000009872,477641,CNTN1,12657287,12920315,E2RCJ9,NA
chr27.12850455,ENSCAFG00000009872,477641,CNTN1,12657287,12920315,,NA
chr27.12850455,ENSCAFG00000009872,477641,CNTN1,12657287,12920315,E2RCJ9,NA
chr27.12864748,ENSCAFG00000009872,477641,CNTN1,12657287,12920315,,NA
chr27.12864748,ENSCAFG00000009872,477641,CNTN1,12657287,12920315,E2RCJ9,NA
chr27.12884907,ENSCAFG00000009872,477641,CNTN1,12657287,12920315,,NA
chr27.12884907,ENSCAFG00000009872,477641,CNTN1,12657287,12920315,E2RCJ9,NA
chr27.12895699,ENSCAFG00000009872,477641,CNTN1,12657287,12920315,,NA
chr27.12895699,ENSCAFG00000009872,477641,CNTN1,12657287,12920315,E2RCJ9,NA
chr27.12903268,ENSCAFG00000009872,477641,CNTN1,12657287,12920315,,NA
chr27.12903268,ENSCAFG00000009872,477641,CNTN1,12657287,12920315,E2RCJ9,NA
chr27.12918133,ENSCAFG00000009872,477641,CNTN1,12657287,12920315,,NA
chr27.12918133,ENSCAFG00000009872,477641,CNTN1,12657287,12920315,E2RCJ9,NA
chr27.12930704,ENSCAFG00000009872,477641,CNTN1,12657287,12920315,,NA
chr27.12930704,ENSCAFG00000009872,477641,CNTN1,12657287,12920315,E2RCJ9,NA
chr27.13019952,ENSCAFG00000009872,477641,CNTN1,12657287,12920315,,NA
chr27.13019952,ENSCAFG00000009872,477641,CNTN1,12657287,12920315,E2RCJ9,NA
chr27.13193984,ENSCAFG00000009926,486608,LRRK2,13283756,13420870,,NA
chr27.13193984,ENSCAFG00000009926,486608,LRRK2,13283756,13420870,F1PHH4,NA
chr27.13211429,ENSCAFG00000009926,486608,LRRK2,13283756,13420870,,NA
chr27.13211429,ENSCAFG00000009926,486608,LRRK2,13283756,13420870,F1PHH4,NA
chr27.13278102,ENSCAFG00000009926,486608,LRRK2,13283756,13420870,,NA
chr27.13278102,ENSCAFG00000009926,486608,LRRK2,13283756,13420870,F1PHH4,NA
chr27.13365658,ENSCAFG00000009926,486608,LRRK2,13283756,13420870,,NA
chr27.13365658,ENSCAFG00000009926,486608,LRRK2,13283756,13420870,F1PHH4,NA
chr27.13402034,ENSCAFG00000009926,486608,LRRK2,13283756,13420870,,NA
chr27.13402034,ENSCAFG00000009926,486608,LRRK2,13283756,13420870,F1PHH4,NA
chr27.13497432,ENSCAFG00000009926,486608,LRRK2,13283756,13420870,,NA
chr27.13497432,ENSCAFG00000009926,486608,LRRK2,13283756,13420870,F1PHH4,NA
chr27.13497432,ENSCAFG00000009975,486609,SLC2A13,13536054,13905483,,NA
chr27.13497432,ENSCAFG00000009975,486609,SLC2A13,13536054,13905483,F1PGX9,NA
chr27.13523085,ENSCAFG00000009975,486609,SLC2A13,13536054,13905483,,NA
chr27.13523085,ENSCAFG00000009975,486609,SLC2A13,13536054,13905483,F1PGX9,NA
chr27.13664811,ENSCAFG00000009975,486609,SLC2A13,13536054,13905483,,NA
chr27.13664811,ENSCAFG00000009975,486609,SLC2A13,13536054,13905483,F1PGX9,NA
chr27.13678311,ENSCAFG00000009975,486609,SLC2A13,13536054,13905483,,NA
chr27.13678311,ENSCAFG00000009975,486609,SLC2A13,13536054,13905483,F1PGX9,NA
chr27.13732700,ENSCAFG00000009975,486609,SLC2A13,13536054,13905483,,NA
chr27.13732700,ENSCAFG00000009975,486609,SLC2A13,13536054,13905483,F1PGX9,NA
chr27.13744066,ENSCAFG00000009975,486609,SLC2A13,13536054,13905483,,NA
chr27.13744066,ENSCAFG00000009975,486609,SLC2A13,13536054,13905483,F1PGX9,NA
chr27.13761538,ENSCAFG00000009975,486609,SLC2A13,13536054,13905483,,NA
chr27.13761538,ENSCAFG00000009975,486609,SLC2A13,13536054,13905483,F1PGX9,NA
chr27.13765772,ENSCAFG00000009975,486609,SLC2A13,13536054,13905483,,NA
chr27.13765772,ENSCAFG00000009975,486609,SLC2A13,13536054,13905483,F1PGX9,NA
chr27.13789018,ENSCAFG00000009975,486609,SLC2A13,13536054,13905483,,NA
chr27.13789018,ENSCAFG00000009975,486609,SLC2A13,13536054,13905483,F1PGX9,NA
chr27.13809818,ENSCAFG00000009975,486609,SLC2A13,13536054,13905483,,NA
chr27.13809818,ENSCAFG00000009975,486609,SLC2A13,13536054,13905483,F1PGX9,NA
chr27.13885151,ENSCAFG00000009975,486609,SLC2A13,13536054,13905483,,NA
chr27.13885151,ENSCAFG00000009975,486609,SLC2A13,13536054,13905483,F1PGX9,NA
chr27.13885151,ENSCAFG00000010000,100683187,C27H12orf40,13917390,14014756,,NA
chr27.13885151,ENSCAFG00000010000,100683187,C27H12orf40,13917390,14014756,F1PF60,NA
chr27.13932595,ENSCAFG00000009975,486609,SLC2A13,13536054,13905483,,NA
chr27.13932595,ENSCAFG00000009975,486609,SLC2A13,13536054,13905483,F1PGX9,NA
chr27.13932595,ENSCAFG00000010000,100683187,C27H12orf40,13917390,14014756,,NA
chr27.13932595,ENSCAFG00000010000,100683187,C27H12orf40,13917390,14014756,F1PF60,NA
chr27.13932595,ENSCAFG00000010022,477643,ABCD2,14015091,14163312,,NA
chr27.13932595,ENSCAFG00000010022,477643,ABCD2,14015091,14163312,E2RG61,NA
chr27.14031271,ENSCAFG00000010000,100683187,C27H12orf40,13917390,14014756,,NA
chr27.14031271,ENSCAFG00000010000,100683187,C27H12orf40,13917390,14014756,F1PF60,NA
chr27.14031271,ENSCAFG00000010022,477643,ABCD2,14015091,14163312,,NA
chr27.14031271,ENSCAFG00000010022,477643,ABCD2,14015091,14163312,E2RG61,NA
chr27.14046855,ENSCAFG00000010000,100683187,C27H12orf40,13917390,14014756,,NA
chr27.14046855,ENSCAFG00000010000,100683187,C27H12orf40,13917390,14014756,F1PF60,NA
chr27.14046855,ENSCAFG00000010022,477643,ABCD2,14015091,14163312,,NA
chr27.14046855,ENSCAFG00000010022,477643,ABCD2,14015091,14163312,E2RG61,NA
chr27.14122409,ENSCAFG00000010022,477643,ABCD2,14015091,14163312,,NA
chr27.14122409,ENSCAFG00000010022,477643,ABCD2,14015091,14163312,E2RG61,NA
chr27.14122409,ENSCAFG00000010250,100683402,KIF21A,14181837,14327492,F1PPT2,NA
chr27.14122409,ENSCAFG00000010250,100683402,KIF21A,14181837,14327492,,NA
chr27.14122409,ENSCAFG00000010250,100683402,KIF21A,14181837,14327492,J9P7Y1,NA
chr27.14122409,ENSCAFG00000010250,100683402,KIF21A,14181837,14327492,F1PRN6,NA
chr27.14138961,ENSCAFG00000010022,477643,ABCD2,14015091,14163312,,NA
chr27.14138961,ENSCAFG00000010022,477643,ABCD2,14015091,14163312,E2RG61,NA
chr27.14138961,ENSCAFG00000010250,100683402,KIF21A,14181837,14327492,F1PPT2,NA
chr27.14138961,ENSCAFG00000010250,100683402,KIF21A,14181837,14327492,,NA
chr27.14138961,ENSCAFG00000010250,100683402,KIF21A,14181837,14327492,J9P7Y1,NA
chr27.14138961,ENSCAFG00000010250,100683402,KIF21A,14181837,14327492,F1PRN6,NA
chr27.14303867,ENSCAFG00000010250,100683402,KIF21A,14181837,14327492,F1PPT2,NA
chr27.14303867,ENSCAFG00000010250,100683402,KIF21A,14181837,14327492,,NA
chr27.14303867,ENSCAFG00000010250,100683402,KIF21A,14181837,14327492,J9P7Y1,NA
chr27.14303867,ENSCAFG00000010250,100683402,KIF21A,14181837,14327492,F1PRN6,NA
chr27.14307421,ENSCAFG00000010250,100683402,KIF21A,14181837,14327492,F1PPT2,NA
chr27.14307421,ENSCAFG00000010250,100683402,KIF21A,14181837,14327492,,NA
chr27.14307421,ENSCAFG00000010250,100683402,KIF21A,14181837,14327492,J9P7Y1,NA
chr27.14307421,ENSCAFG00000010250,100683402,KIF21A,14181837,14327492,F1PRN6,NA
chr27.14318276,ENSCAFG00000010250,100683402,KIF21A,14181837,14327492,F1PPT2,NA
chr27.14318276,ENSCAFG00000010250,100683402,KIF21A,14181837,14327492,,NA
chr27.14318276,ENSCAFG00000010250,100683402,KIF21A,14181837,14327492,J9P7Y1,NA
chr27.14318276,ENSCAFG00000010250,100683402,KIF21A,14181837,14327492,F1PRN6,NA
chr27.14411973,ENSCAFG00000010250,100683402,KIF21A,14181837,14327492,F1PPT2,NA
chr27.14411973,ENSCAFG00000010250,100683402,KIF21A,14181837,14327492,,NA
chr27.14411973,ENSCAFG00000010250,100683402,KIF21A,14181837,14327492,J9P7Y1,NA
chr27.14411973,ENSCAFG00000010250,100683402,KIF21A,14181837,14327492,F1PRN6,NA
chr27.14532873,ENSCAFG00000010406,477646,CPNE8,14618698,14938046,E2RNP3,NA
chr27.14532873,ENSCAFG00000010406,477646,CPNE8,14618698,14938046,,NA
chr27.14541601,ENSCAFG00000010406,477646,CPNE8,14618698,14938046,E2RNP3,NA
chr27.14541601,ENSCAFG00000010406,477646,CPNE8,14618698,14938046,,NA
chr27.14553701,ENSCAFG00000010406,477646,CPNE8,14618698,14938046,E2RNP3,NA
chr27.14553701,ENSCAFG00000010406,477646,CPNE8,14618698,14938046,,NA
chr27.14611491,ENSCAFG00000010406,477646,CPNE8,14618698,14938046,E2RNP3,NA
chr27.14611491,ENSCAFG00000010406,477646,CPNE8,14618698,14938046,,NA
chr27.14618449,ENSCAFG00000010406,477646,CPNE8,14618698,14938046,E2RNP3,NA
chr27.14618449,ENSCAFG00000010406,477646,CPNE8,14618698,14938046,,NA
chr27.14665249,ENSCAFG00000010406,477646,CPNE8,14618698,14938046,E2RNP3,NA
chr27.14665249,ENSCAFG00000010406,477646,CPNE8,14618698,14938046,,NA
chr27.14697588,ENSCAFG00000010406,477646,CPNE8,14618698,14938046,E2RNP3,NA
chr27.14697588,ENSCAFG00000010406,477646,CPNE8,14618698,14938046,,NA
chr27.14748689,ENSCAFG00000010406,477646,CPNE8,14618698,14938046,E2RNP3,NA
chr27.14748689,ENSCAFG00000010406,477646,CPNE8,14618698,14938046,,NA
chr27.14769552,ENSCAFG00000010406,477646,CPNE8,14618698,14938046,E2RNP3,NA
chr27.14769552,ENSCAFG00000010406,477646,CPNE8,14618698,14938046,,NA
chr27.14810643,ENSCAFG00000010406,477646,CPNE8,14618698,14938046,E2RNP3,NA
chr27.14810643,ENSCAFG00000010406,477646,CPNE8,14618698,14938046,,NA
chr27.14984671,ENSCAFG00000010406,477646,CPNE8,14618698,14938046,E2RNP3,NA
chr27.14984671,ENSCAFG00000010406,477646,CPNE8,14618698,14938046,,NA
chr27.15709196,ENSCAFG00000010475,486612,SYT10,15593649,15687920,,NA
chr27.15709196,ENSCAFG00000010475,486612,SYT10,15593649,15687920,E2RMP0,NA
chr27.15749155,ENSCAFG00000010475,486612,SYT10,15593649,15687920,,NA
chr27.15749155,ENSCAFG00000010475,486612,SYT10,15593649,15687920,E2RMP0,NA
chr27.15760315,ENSCAFG00000010475,486612,SYT10,15593649,15687920,,NA
chr27.15760315,ENSCAFG00000010475,486612,SYT10,15593649,15687920,E2RMP0,NA
chr27.15770404,ENSCAFG00000010475,486612,SYT10,15593649,15687920,,NA
chr27.15770404,ENSCAFG00000010475,486612,SYT10,15593649,15687920,E2RMP0,NA
chr27.15940457,ENSCAFG00000010484,486613,PKP2,16023224,16109603,,NA
chr27.15940457,ENSCAFG00000010484,486613,PKP2,16023224,16109603,E2RHY0,NA
chr27.16694153,ENSCAFG00000010619,610028,BICD1,16484121,16612044,J9P1N7,NA
chr27.16694153,ENSCAFG00000010619,610028,BICD1,16484121,16612044,F1PS86,NA
chr27.17134312,ENSCAFG00000010680,489046,DENND5B,17044309,17361570,F1PQG0,NA
chr27.17134312,ENSCAFG00000010680,477651,DENND5B,17044309,17361570,F1PQG0,NA
chr27.17134312,ENSCAFG00000010680,489046,DENND5B,17044309,17361570,,NA
chr27.17134312,ENSCAFG00000010680,477651,DENND5B,17044309,17361570,,NA
chr27.17134312,ENSCAFG00000010680,489046,DENND5B,17044309,17361570,J9P8Y2,NA
chr27.17134312,ENSCAFG00000010680,477651,DENND5B,17044309,17361570,J9P8Y2,NA
chr27.17134312,ENSCAFG00000010680,489046,DENND5B,17044309,17361570,J9P7D7,NA
chr27.17134312,ENSCAFG00000010680,477651,DENND5B,17044309,17361570,J9P7D7,NA
chr27.17134312,ENSCAFG00000010675,486619,ETFBKMT,17103210,17165828,E2R0E4,NA
chr27.17414499,ENSCAFG00000010680,489046,DENND5B,17044309,17361570,F1PQG0,NA
chr27.17414499,ENSCAFG00000010680,477651,DENND5B,17044309,17361570,F1PQG0,NA
chr27.17414499,ENSCAFG00000010680,489046,DENND5B,17044309,17361570,,NA
chr27.17414499,ENSCAFG00000010680,477651,DENND5B,17044309,17361570,,NA
chr27.17414499,ENSCAFG00000010680,489046,DENND5B,17044309,17361570,J9P8Y2,NA
chr27.17414499,ENSCAFG00000010680,477651,DENND5B,17044309,17361570,J9P8Y2,NA
chr27.17414499,ENSCAFG00000010680,489046,DENND5B,17044309,17361570,J9P7D7,NA
chr27.17414499,ENSCAFG00000010680,477651,DENND5B,17044309,17361570,J9P7D7,NA
chr27.17414499,ENSCAFG00000010685,477652,SINHCAF,17429052,17455144,E2R0B9,NA
chr27.17414499,ENSCAFG00000010685,477652,SINHCAF,17429052,17455144,,NA
chr27.18183979,ENSCAFG00000010821,486621,TMTC1,18191118,18518974,,NA
chr27.18183979,ENSCAFG00000010821,486621,TMTC1,18191118,18518974,F1PKF5,NA
chr27.19420055,ENSCAFG00000010942,486622,CCDC91,19229925,19579817,,NA
chr27.19420055,ENSCAFG00000010942,486622,CCDC91,19229925,19579817,E2R446,NA
chr27.22083923,ENSCAFG00000011421,100856494,LMNTD1,21736630,22079823,E2QX11,NA
chr27.22083923,ENSCAFG00000011421,100856494,LMNTD1,21736630,22079823,J9NUP2,NA
chr27.22083923,ENSCAFG00000011421,100856494,LMNTD1,21736630,22079823,,NA
chr27.22099097,ENSCAFG00000011421,100856494,LMNTD1,21736630,22079823,E2QX11,NA
chr27.22099097,ENSCAFG00000011421,100856494,LMNTD1,21736630,22079823,J9NUP2,NA
chr27.22099097,ENSCAFG00000011421,100856494,LMNTD1,21736630,22079823,,NA
chr27.25258977,ENSCAFG00000012066,486638,ABCC9,25200418,25388477,J9NYX2,NA
chr27.25258977,ENSCAFG00000012066,486638,ABCC9,25200418,25388477,,NA
chr27.25258977,ENSCAFG00000012066,486638,ABCC9,25200418,25388477,E2RBZ0,NA
chr27.6951351,ENSCAFG00000009103,486588,VDR,6852723,6909470,F1PKD9,NA
chr27.6951351,ENSCAFG00000009103,486588,VDR,6852723,6909470,J9NXL4,NA
chr27.6951351,ENSCAFG00000009152,486589,HDAC7,6929829,6979317,F1PK81,NA
chr27.6951351,ENSCAFG00000009152,486589,HDAC7,6929829,6979317,,NA
chr27.6951351,ENSCAFG00000009167,100855680,SLC48A1,6971402,6978942,E2RRB9,NA
chr27.6951351,ENSCAFG00000009181,486591,RAPGEF3,6993452,7017316,F1PW07,NA
chr27.6951351,ENSCAFG00000009181,486591,RAPGEF3,6993452,7017316,F1Q0Q1,NA
chr27.6951351,ENSCAFG00000009199,111092916,ENDOU,7028263,7043475,E2RC26,NA
chr27.6951351,ENSCAFG00000009199,111092916,ENDOU,7028263,7043475,,NA
chr27.6951351,ENSCAFG00000009199,111092916,ENDOU,7028263,7043475,E2RC11,NA
chr27.8384117,ENSCAFG00000009304,477634,SCAF11,8324170,8395285,E2RKG5,NA
chr27.8384117,ENSCAFG00000009304,477634,SCAF11,8324170,8395285,,NA
chr27.8384117,ENSCAFG00000009335,100688573,ARID2,8412377,8579882,,NA
chr27.8384117,ENSCAFG00000009335,100688573,ARID2,8412377,8579882,J9PA03,NA
chr27.8384117,ENSCAFG00000009335,100688573,ARID2,8412377,8579882,E2RFL8,NA
chr27.8405080,ENSCAFG00000009304,477634,SCAF11,8324170,8395285,E2RKG5,NA
chr27.8405080,ENSCAFG00000009304,477634,SCAF11,8324170,8395285,,NA
chr27.8405080,ENSCAFG00000009335,100688573,ARID2,8412377,8579882,,NA
chr27.8405080,ENSCAFG00000009335,100688573,ARID2,8412377,8579882,J9PA03,NA
chr27.8405080,ENSCAFG00000009335,100688573,ARID2,8412377,8579882,E2RFL8,NA
chr27.8406615,ENSCAFG00000009304,477634,SCAF11,8324170,8395285,E2RKG5,NA
chr27.8406615,ENSCAFG00000009304,477634,SCAF11,8324170,8395285,,NA
chr27.8406615,ENSCAFG00000009335,100688573,ARID2,8412377,8579882,,NA
chr27.8406615,ENSCAFG00000009335,100688573,ARID2,8412377,8579882,J9PA03,NA
chr27.8406615,ENSCAFG00000009335,100688573,ARID2,8412377,8579882,E2RFL8,NA
chr27.8599597,ENSCAFG00000009335,100688573,ARID2,8412377,8579882,,NA
chr27.8599597,ENSCAFG00000009335,100688573,ARID2,8412377,8579882,J9PA03,NA
chr27.8599597,ENSCAFG00000009335,100688573,ARID2,8412377,8579882,E2RFL8,NA
chr27.8866968,ENSCAFG00000009360,486597,ANO6,8884062,9066934,F1PQ46,NA
chr27.8866968,ENSCAFG00000009360,486597,ANO6,8884062,9066934,,NA
chr27.8866968,ENSCAFG00000009360,486597,ANO6,8884062,9066934,J9NZU1,NA
chr27.9568202,ENSCAFG00000009592,477636,NELL2,9299893,9680363,,NA
chr27.9568202,ENSCAFG00000009592,477636,NELL2,9299893,9680363,F1PGD4,NA
chr27.9823746,ENSCAFG00000009609,609688,TMEM117,9782805,10235028,,NA
chr27.9823746,ENSCAFG00000009609,609688,TMEM117,9782805,10235028,F1PGC6,NA
chr27.9823746,ENSCAFG00000009609,609688,TMEM117,9782805,10235028,J9P2K4,NA
